creditLimit,creditLimitBase,insurancceLimit,insurancceLimitBase,transactionCurrencyId,accountId,organizationId
$160445.23,$81478.66,$132745.95,$58021.09,919,251,350
$462860.65,$73745.93,$260394.24,$70637.97,618,480,996
$379455.82,$86250.13,$278034.82,$98870.33,681,901,562
$469528.96,$84943.29,$330041.45,$66899.36,895,841,41
$456480.38,$67915.31,$341444.97,$56377.07,618,771,36
$187077.33,$89234.09,$491098.76,$97014.68,437,531,988
$597019.81,$59396.61,$221217.71,$53364.56,513,256,230
$130107.08,$58164.80,$174192.05,$73289.78,199,478,360
$580749.58,$87373.64,$378073.54,$98548.10,838,210,851
$483791.76,$61970.68,$164211.81,$74731.99,966,275,341
$446177.23,$75763.28,$191131.19,$68533.33,555,123,62
$452056.13,$90235.76,$261276.62,$77814.08,256,801,98
$576743.25,$94385.04,$237275.00,$80703.90,79,789,1
$516040.12,$57342.18,$502797.88,$79639.01,886,79,210
$393621.38,$92394.64,$356306.81,$51543.42,606,772,166
$156015.64,$82901.20,$148480.72,$69280.64,327,775,533
$485506.98,$65280.62,$266652.43,$51984.99,792,141,689
$467432.28,$87071.55,$311604.44,$80969.40,367,394,387
$443688.55,$80104.07,$456310.00,$59272.10,409,162,916
$297273.25,$65783.33,$220942.32,$75898.90,122,343,400
$149202.41,$66702.88,$589849.28,$78857.04,764,300,994
$178842.72,$54370.05,$507504.58,$82228.82,205,16,596
$385436.84,$94415.14,$394302.64,$59896.54,52,178,754
$501862.34,$87381.53,$285729.44,$89620.55,635,836,302
$304272.71,$58482.49,$481482.88,$52783.64,284,722,975
$541459.02,$83625.77,$349864.68,$77572.02,15,469,25
$309314.26,$66383.68,$564210.02,$71208.40,139,14,348
$545526.29,$81934.19,$282907.23,$86161.51,375,266,56
$350664.57,$90036.47,$160775.35,$74203.25,169,577,480
$239599.06,$78873.78,$375344.27,$71908.55,625,34,668
$155438.38,$63845.21,$345549.92,$97122.49,478,325,476
$547230.13,$91319.55,$515436.19,$93065.43,471,605,317
$442348.27,$55199.40,$210629.85,$78274.10,651,866,201
$119815.91,$97391.91,$478372.89,$78926.78,72,656,442
$422623.28,$50980.00,$547113.96,$79045.56,672,468,201
$140076.15,$79858.22,$177157.95,$85350.10,736,535,77
$212163.77,$75595.89,$397861.88,$80445.40,760,375,582
$177276.82,$94995.63,$197995.88,$97910.41,421,999,248
$265535.34,$93397.48,$445348.90,$63004.90,874,818,634
$507035.74,$68266.87,$230627.41,$71249.91,230,819,749
$314289.99,$95866.17,$399670.91,$79924.16,139,425,452
$268340.81,$67086.71,$276633.08,$56865.49,354,405,980
$311030.34,$95984.29,$141795.79,$68220.32,914,350,761
$347604.11,$75798.09,$291310.44,$80750.27,826,976,243
$533574.39,$79335.30,$540400.35,$76103.32,546,88,555
$246982.25,$51521.38,$316674.21,$99265.98,777,880,910
$401540.74,$58537.65,$483612.78,$95131.80,130,583,918
$572588.68,$51419.38,$415721.83,$56148.85,143,154,892
$119253.72,$61965.53,$526764.02,$84041.05,110,770,54
$332142.27,$85396.30,$516287.99,$59227.93,158,935,860
$102145.60,$54563.88,$370790.02,$77923.54,749,128,433
$278117.55,$87180.18,$431360.98,$81014.18,744,3,691
$186672.51,$95575.64,$392522.13,$81188.57,638,865,223
$154044.65,$56269.80,$120638.48,$52277.44,372,810,889
$327938.97,$64907.41,$483711.92,$86613.80,45,330,668
$151926.17,$82197.83,$224007.59,$67676.52,79,751,239
$269158.13,$75169.36,$592756.84,$81896.48,570,110,954
$236733.50,$63022.78,$231625.37,$69603.47,357,417,887
$286104.90,$63877.03,$424294.60,$71932.61,877,839,597
$156531.82,$56983.22,$390436.59,$92456.72,979,447,301
$289038.43,$61097.91,$553524.81,$52668.17,432,854,224
$520062.44,$75579.30,$511503.79,$73670.61,111,130,101
$103138.60,$68038.09,$509582.54,$61910.94,997,721,739
$408130.47,$50397.84,$209827.01,$95503.03,434,99,28
$360509.13,$96069.98,$109204.09,$94387.67,480,26,33
$517126.68,$90459.62,$517971.71,$92658.97,409,107,906
$536358.58,$71006.97,$198952.28,$78597.86,10,563,835
$335180.71,$98414.30,$478587.29,$60795.39,417,400,305
$526386.94,$80674.62,$542605.48,$88989.57,601,95,494
$380559.05,$64227.43,$481204.29,$64642.31,982,829,772
$118512.73,$52637.19,$216949.19,$66573.39,321,224,244
$311272.40,$75931.30,$532819.98,$77443.77,848,259,12
$442055.64,$56138.62,$242067.59,$83087.94,899,962,906
$203049.01,$71535.94,$121028.24,$97049.83,341,87,24
$157558.83,$89530.27,$232420.14,$93028.84,710,463,616
$395679.53,$65622.74,$459259.33,$80944.60,716,363,11
$191165.00,$84893.20,$368437.95,$96558.04,753,367,200
$428762.64,$72072.71,$365436.99,$71196.57,419,122,348
$460738.57,$94854.12,$436196.81,$92083.48,833,222,615
$264029.24,$76543.76,$497159.17,$91717.52,756,187,788
$175367.95,$59957.50,$404738.71,$97335.57,291,881,569
$238008.46,$91296.23,$586861.82,$59021.25,823,855,656
$586707.66,$76797.37,$213378.14,$85208.05,179,950,689
$279808.37,$53307.19,$413647.67,$82314.52,896,868,523
$219422.91,$59081.59,$378374.01,$91715.79,625,137,741
$376656.73,$55060.86,$502211.05,$90175.18,603,907,62
$307803.74,$71212.15,$578360.39,$67042.88,750,383,774
$477731.44,$79441.52,$489743.35,$89289.90,294,638,833
$305506.02,$79605.22,$376415.88,$85950.84,280,926,129
$400958.04,$80633.67,$343140.90,$58109.36,615,521,732
$220775.46,$51321.16,$531676.03,$82668.82,403,980,343
$310752.84,$73434.98,$476506.62,$79842.24,746,708,580
$425820.18,$98490.71,$198377.93,$74020.08,753,438,853
$494730.33,$66690.70,$584711.79,$98612.79,448,167,892
$479193.72,$75642.32,$455027.68,$71416.34,155,690,730
$547927.78,$81057.41,$203994.87,$56467.39,37,259,775
$371386.90,$91869.37,$380488.04,$70624.90,920,532,666
$518242.97,$75553.66,$184544.53,$86194.56,548,382,60
$198460.42,$73152.63,$195636.65,$54630.64,697,898,373
$361318.26,$91117.18,$573917.16,$67067.15,626,996,430
$197725.23,$98039.93,$392443.74,$98459.94,956,570,558
$152484.55,$70866.81,$103933.48,$56203.97,311,531,272
$527600.22,$72266.71,$534420.75,$57476.12,873,751,338
$145194.71,$80451.88,$320280.34,$64178.56,907,716,277
$466010.82,$90423.82,$159323.40,$78335.00,32,23,402
$324086.59,$66876.18,$492578.22,$74032.04,260,864,748
$136393.77,$68492.48,$368015.27,$61459.61,87,106,23
$269009.08,$87021.44,$350596.31,$70252.47,726,831,266
$321603.15,$57871.49,$363925.11,$89150.37,322,556,122
$230208.88,$83161.36,$162346.72,$92040.28,47,414,148
$269695.28,$95343.03,$181801.87,$75078.39,217,610,184
$481720.83,$68648.23,$362669.34,$89590.51,213,827,628
$129179.71,$61293.23,$208971.41,$70190.17,204,632,303
$276069.35,$93019.17,$343666.80,$65853.31,391,50,417
$204292.82,$98087.08,$446001.40,$94711.39,998,161,762
$380440.58,$94065.84,$414966.30,$66318.45,787,380,625
$177460.63,$55902.19,$430382.43,$65983.29,295,380,46
$524619.48,$96808.58,$396103.25,$59122.07,987,319,962
$227447.05,$75602.60,$590099.51,$97140.35,351,998,98
$279260.58,$92587.60,$132581.62,$65750.24,79,229,899
$547533.27,$73363.24,$170790.87,$86323.08,18,950,452
$138362.48,$63480.56,$419115.05,$88581.06,496,961,210
$576764.14,$69230.52,$567548.38,$73678.85,241,18,93
$103674.40,$54810.65,$594015.84,$83389.37,884,701,594
$271803.66,$83397.72,$252929.41,$55189.51,931,980,603
$367327.73,$74227.86,$470422.35,$67202.97,192,685,379
$383795.46,$83046.29,$119872.37,$72300.37,180,42,473
$379424.52,$95598.02,$345722.75,$60148.38,335,808,579
$327641.94,$86732.59,$286643.71,$79652.66,334,956,486
$120666.81,$84141.89,$444966.30,$85334.89,27,710,895
$468895.81,$77747.99,$114731.16,$77482.29,73,965,417
$234662.22,$74996.14,$242958.88,$91786.20,308,589,827
$108395.89,$77394.84,$456889.40,$88914.40,422,549,706
$229876.91,$68807.87,$555640.15,$63070.26,259,319,287
$446239.17,$74928.42,$509473.78,$73340.90,723,741,233
$511250.10,$99419.32,$218386.32,$70885.27,862,731,905
$282857.06,$65593.21,$598696.42,$85325.10,46,111,861
$451855.14,$59461.32,$546111.54,$55339.40,49,826,376
$508983.38,$94231.92,$357373.97,$76236.26,860,112,583
$310669.89,$79653.11,$370495.82,$84647.43,63,859,146
$229432.98,$78201.64,$448041.55,$65685.27,566,458,144
$457371.09,$52362.07,$426336.49,$95571.76,518,965,23
$550024.62,$51729.24,$415457.53,$50983.69,129,552,154
$477795.76,$66279.54,$304258.63,$80078.63,560,227,4
$489669.54,$54991.19,$270321.22,$53373.71,712,250,71
$446040.83,$65880.60,$558304.84,$59164.52,793,385,252
$575680.10,$99472.07,$408528.11,$69561.74,481,689,749
$559029.14,$63500.74,$114812.27,$57307.41,134,488,466
$112241.43,$86062.83,$165242.67,$94596.00,816,883,536
$126152.62,$81089.22,$529358.35,$93691.16,835,77,777
$295887.40,$89955.26,$208133.77,$71206.90,754,587,972
$374342.09,$83897.95,$152223.77,$54751.45,183,689,438
$416936.10,$79068.48,$257762.36,$54263.73,453,323,525
$553741.60,$51460.88,$389952.81,$92651.71,951,898,457
$571159.67,$89292.76,$487090.47,$79608.29,543,687,823
$207934.05,$53770.75,$446701.40,$71557.13,657,749,614
$481250.73,$67049.24,$558357.64,$54738.51,244,289,813
$536905.95,$83775.49,$445514.72,$66778.98,355,735,109
$417258.10,$52090.28,$581852.97,$79083.81,102,225,605
$296695.78,$51763.90,$190996.19,$98536.99,781,333,146
$414977.41,$98733.59,$390948.84,$91276.63,667,446,471
$393988.26,$64089.40,$201517.67,$97753.00,288,83,813
$347380.04,$57297.46,$125915.66,$67066.29,827,941,449
$463586.22,$88601.97,$420599.02,$89384.19,419,918,389
$463179.93,$73464.77,$213440.90,$63530.98,51,532,967
$426739.21,$56068.84,$459780.38,$67223.22,889,513,508
$556769.15,$50283.38,$214554.91,$72725.98,68,755,350
$334968.70,$93184.92,$324258.03,$88598.12,637,84,429
$436594.31,$96035.98,$341579.32,$97209.22,128,685,432
$404386.78,$63723.97,$181600.53,$99226.35,202,532,72
$141695.39,$65645.84,$502003.33,$77035.78,859,642,652
$377766.64,$60015.67,$194806.75,$95036.59,721,528,549
$189188.42,$97668.95,$417934.73,$67271.96,145,968,634
$134033.78,$96437.83,$240349.25,$69967.69,201,764,196
$251657.69,$66391.52,$485837.08,$85778.10,480,998,1000
$103971.79,$58426.92,$125914.92,$94808.98,528,452,619
$346236.05,$98263.60,$346664.64,$71739.75,899,76,117
$219778.11,$97308.62,$425840.66,$65817.93,488,859,363
$239768.90,$59332.98,$540250.63,$61391.96,559,292,197
$562248.58,$74206.31,$589288.06,$86765.10,82,795,980
$524318.98,$94820.35,$411048.98,$58104.66,701,81,58
$232789.68,$94334.00,$409151.90,$77026.74,707,223,601
$278916.23,$84961.30,$387696.59,$84929.73,269,676,531
$398158.80,$73478.33,$379833.37,$69144.01,839,568,208
$566962.02,$53246.60,$321687.90,$68405.61,955,865,168
$160796.98,$66751.60,$176344.61,$54668.85,475,338,277
$197580.79,$90338.20,$458493.75,$58121.18,413,115,900
$393985.99,$93948.16,$517731.23,$94109.05,347,250,73
$502496.61,$79618.36,$141458.69,$51547.48,397,498,956
$225817.72,$62623.65,$435576.36,$71924.21,988,96,505
$315995.88,$92672.99,$141750.09,$89687.41,101,996,933
$106490.16,$92376.70,$101830.43,$93685.48,679,849,879
$570177.69,$67601.00,$148250.28,$75724.13,599,604,96
$431074.44,$74332.59,$284194.65,$86252.65,464,994,330
$450046.95,$73687.56,$577633.47,$90739.44,294,737,498
$133857.80,$91257.34,$309272.87,$57594.41,417,472,462
$102973.74,$94985.47,$556118.36,$62402.42,281,865,539
$171451.70,$66256.34,$507147.56,$88491.03,660,988,704
$508295.16,$66823.81,$126141.91,$77662.48,440,821,904
$523975.10,$53720.39,$467319.15,$55860.17,76,461,935
$317535.31,$69198.58,$247938.60,$65062.66,733,172,857
$310754.89,$89158.32,$185098.71,$94230.02,951,866,198
$575330.66,$65833.36,$558826.66,$60958.10,244,523,311
$200561.03,$86968.37,$344754.33,$74579.94,160,200,725
$400982.52,$81159.33,$423669.00,$77313.61,556,387,309
$440646.11,$50634.46,$208811.33,$80467.58,779,384,681
$533169.27,$58179.20,$595756.86,$65519.78,880,297,966
$271578.24,$63569.26,$237154.67,$52136.63,373,134,51
$387144.75,$96914.87,$561501.91,$73874.26,419,706,674
$438776.70,$81926.38,$312318.39,$65895.98,422,557,950
$169791.05,$52761.88,$429453.96,$99607.24,832,880,651
$488131.33,$56688.05,$459361.92,$55027.07,70,418,605
$299028.58,$84947.53,$222741.37,$50767.57,909,314,15
$235927.03,$56880.02,$298678.19,$65408.16,806,226,439
$113752.86,$97992.53,$411363.23,$80207.10,988,650,502
$542942.22,$77531.74,$126042.68,$81230.16,160,506,796
$248215.64,$79455.35,$211594.37,$97224.11,147,252,985
$294945.62,$53515.60,$310851.36,$79478.96,510,135,518
$582325.31,$83490.89,$274296.87,$62622.51,338,922,110
$500355.81,$85069.77,$533527.26,$54693.88,892,137,502
$122099.31,$77722.21,$220893.57,$58425.25,602,414,131
$382348.57,$67511.86,$102140.24,$94184.80,937,86,721
$529263.24,$52718.42,$473384.44,$94095.19,132,767,610
$456786.04,$86480.14,$218670.35,$92540.67,673,830,868
$579319.78,$81594.76,$272133.69,$94432.41,966,456,986
$530928.55,$79518.07,$355390.04,$94327.55,40,734,129
$528670.77,$94022.03,$207229.73,$69067.58,229,413,925
$483493.77,$82029.48,$506371.70,$91593.74,337,781,107
$303103.95,$59741.08,$494334.46,$83536.25,769,593,728
$559783.02,$89272.57,$436966.27,$76405.73,812,891,468
$171184.71,$93632.98,$459430.48,$61749.71,233,537,769
$126659.86,$72484.82,$216876.34,$57699.35,909,657,607
$572211.21,$86044.17,$459157.92,$93369.47,443,649,327
$445444.08,$79325.16,$284386.33,$83287.71,776,22,582
$485688.95,$70557.36,$313974.08,$80302.07,156,312,446
$471988.45,$58583.47,$197533.98,$68531.63,384,883,327
$529699.80,$95972.14,$195695.54,$58956.25,762,824,952
$227488.57,$59371.41,$239324.63,$52730.42,484,362,780
$308169.21,$96393.22,$542884.24,$76229.86,911,419,614
$322684.36,$82728.65,$505652.89,$68781.88,23,465,125
$404402.34,$65100.73,$469464.77,$81141.29,579,209,178
$494149.27,$91059.65,$475364.09,$87910.12,389,133,305
$541670.67,$84319.53,$577940.97,$64738.71,383,946,942
$319536.34,$58187.95,$470100.73,$76097.78,43,406,837
$309177.58,$60284.38,$426184.64,$83389.22,898,422,850
$513556.86,$61280.56,$242716.74,$96413.27,965,603,974
$113176.76,$58912.43,$234445.23,$57140.36,462,57,179
$543372.04,$68366.42,$426093.88,$73610.26,646,694,896
$426411.53,$96484.35,$590948.33,$79470.92,318,248,662
$345913.28,$61237.96,$136266.07,$53037.67,779,71,155
$158627.49,$55807.28,$543557.99,$87932.62,807,158,856
$412464.28,$79236.98,$447396.66,$57233.23,974,619,224
$585175.92,$87261.40,$331377.46,$85372.45,608,616,956
$542690.46,$87019.23,$487225.33,$94671.92,575,288,317
$173479.79,$64944.94,$252674.22,$62100.93,129,738,11
$457144.64,$66460.72,$442161.66,$80362.55,278,287,129
$543906.93,$59557.00,$468489.04,$66702.45,379,606,63
$112219.18,$83149.72,$308885.99,$50045.07,319,820,577
$145057.08,$88271.64,$584509.10,$58541.15,791,630,941
$397283.84,$91667.21,$217931.93,$96696.44,859,78,956
$561171.94,$75249.99,$546471.24,$52744.32,301,471,473
$346441.75,$79503.51,$374452.57,$76805.71,347,912,902
$527079.68,$95622.85,$318790.91,$83220.04,961,628,99
$552082.99,$94989.73,$546463.71,$89143.88,581,652,189
$565543.20,$90985.17,$400599.55,$57356.40,759,779,87
$146088.15,$74234.16,$554042.87,$59395.26,195,253,697
$364343.35,$52294.02,$146745.75,$78699.98,159,952,944
$291185.08,$72670.12,$375649.33,$73203.20,576,75,379
$488863.55,$74958.04,$435563.34,$57997.37,487,384,503
$425513.67,$68303.42,$428639.88,$78108.79,701,13,939
$304319.39,$59583.92,$404472.84,$87323.63,677,460,127
$542906.63,$66427.99,$421967.24,$72438.96,191,59,605
$336485.96,$82471.47,$569198.03,$64974.29,863,286,469
$532208.46,$97253.11,$122514.07,$99080.07,802,487,752
$256614.98,$78537.73,$414391.14,$76919.29,31,887,350
$385702.56,$70138.93,$186168.27,$68900.71,648,609,435
$499511.98,$75241.36,$266368.80,$93488.33,539,609,467
$465756.65,$51009.47,$325156.69,$65097.48,779,137,982
$510138.74,$85393.79,$383561.50,$85626.00,650,327,384
$581696.85,$96047.31,$588927.50,$79294.30,127,571,730
$514682.50,$77202.99,$405238.42,$66939.66,23,925,387
$183784.24,$65393.89,$358988.93,$84015.00,113,800,497
$551820.76,$71929.68,$411315.51,$50900.50,960,416,46
$427170.98,$58818.16,$427005.26,$50058.99,36,898,578
$396163.26,$63476.30,$443955.25,$96000.94,583,656,865
$275851.15,$91059.57,$388167.95,$91656.69,760,426,748
$552387.70,$70049.25,$573726.20,$95686.89,984,495,503
$131714.66,$95758.66,$167693.06,$91850.58,984,95,41
$299534.27,$55301.62,$517317.62,$69264.44,519,836,28
$461967.70,$64576.10,$275850.97,$69848.66,739,505,244
$239696.66,$89774.43,$593978.16,$94013.32,986,299,452
$208374.36,$87536.80,$188713.14,$52983.03,480,415,464
$493409.11,$77791.19,$195127.02,$80647.04,623,728,402
$393886.59,$65200.01,$373263.24,$84887.34,804,76,924
$186840.42,$90592.33,$515030.56,$93151.52,341,611,804
$457908.17,$68147.04,$534649.25,$87003.97,480,162,862
$334485.49,$55979.83,$148482.18,$86844.62,753,913,242
$105872.21,$52765.17,$531278.71,$66697.28,988,804,211
$558980.07,$82557.74,$500363.09,$90730.55,119,626,383
$505485.67,$73380.13,$179259.65,$56102.70,970,697,469
$558142.14,$77985.82,$403912.96,$91141.04,456,202,809
$184657.76,$55250.13,$573745.61,$62785.28,902,177,436
$521838.95,$51639.76,$240962.25,$66715.40,138,561,505
$123448.04,$84313.56,$497901.10,$77458.42,97,523,280
$589710.35,$51370.98,$162845.96,$94622.48,419,483,28
$371511.35,$64149.24,$109394.44,$70587.61,484,978,165
$411025.23,$70080.97,$579299.71,$65423.87,976,200,201
$279842.05,$85428.37,$106789.91,$51979.23,576,876,851
$558196.67,$79978.64,$393333.92,$72178.94,731,13,20
$523770.36,$79759.67,$566420.82,$94836.53,389,918,285
$355510.44,$73767.71,$358824.30,$63903.64,552,180,166
$344377.07,$92661.36,$494606.87,$75784.18,447,894,500
$171083.46,$92678.01,$453255.89,$61491.71,52,135,43
$463293.52,$79184.05,$538710.49,$89901.48,326,553,269
$451132.03,$98759.68,$321519.62,$96473.01,218,732,743
$251492.92,$71234.13,$302901.78,$84311.67,466,319,304
$410837.77,$71913.52,$251717.63,$71834.13,12,391,112
$357345.81,$66153.19,$423112.10,$89340.07,949,570,94
$578614.21,$58309.14,$148208.90,$67201.05,933,694,894
$275919.98,$89392.97,$103351.16,$54451.37,597,589,185
$538616.74,$87439.88,$339845.23,$58694.99,188,113,158
$268606.07,$61577.35,$139429.99,$88327.45,703,883,429
$505919.98,$78625.18,$240985.70,$53033.06,392,173,865
$350224.61,$90932.78,$144849.87,$52650.26,44,601,498
$591645.05,$62173.86,$208140.44,$60196.15,1,206,391
$573869.15,$81589.12,$536969.66,$51482.58,26,674,260
$194596.57,$86309.96,$169763.81,$74006.02,251,942,974
$269835.37,$86121.85,$420591.62,$79401.72,912,669,774
$549293.54,$64550.37,$407490.09,$89319.26,164,152,114
$257417.64,$74540.88,$293244.43,$55615.32,947,938,703
$421726.02,$65396.76,$174622.36,$98743.59,878,409,202
$251265.34,$88792.42,$158429.02,$50057.65,221,396,852
$193951.64,$63580.60,$238280.24,$53750.50,65,236,556
$515975.39,$62085.21,$469930.52,$97557.35,529,818,410
$375217.46,$83335.37,$438785.80,$55896.43,454,811,87
$359881.23,$96802.17,$213047.06,$67935.00,655,456,41
$251364.11,$93937.40,$571966.60,$90484.02,726,434,518
$358443.63,$53170.05,$222595.11,$50365.05,306,748,343
$515562.16,$66655.45,$112659.89,$53261.49,901,249,107
$181453.92,$56541.80,$100890.92,$51928.75,467,428,522
$247586.75,$81930.15,$422673.87,$62346.79,209,292,429
$575072.98,$77931.42,$105302.55,$91112.95,875,899,854
$428339.16,$80268.72,$421136.09,$91615.84,404,963,916
$508485.84,$55986.96,$550238.23,$86501.92,576,332,581
$279366.50,$52361.82,$591355.87,$71626.98,674,684,147
$178958.33,$52584.79,$310767.28,$58991.17,842,333,643
$470132.83,$84403.18,$276896.23,$71058.19,750,981,261
$171991.71,$97837.39,$173756.65,$88986.15,706,712,292
$333328.28,$54773.96,$317115.96,$84025.59,877,45,502
$591863.36,$60712.45,$334048.54,$70814.19,335,330,103
$386987.63,$92471.57,$492198.31,$57243.64,851,25,595
$546781.31,$94454.13,$436757.86,$75636.98,325,49,970
$582514.22,$56150.33,$422901.30,$66544.92,819,409,564
$514298.44,$64608.77,$499998.53,$94359.35,73,700,640
$483267.55,$85056.52,$473741.09,$65920.19,48,728,103
$237281.21,$71046.45,$308550.89,$82242.74,805,869,720
$374643.26,$69148.88,$496483.17,$96178.45,412,166,714
$391225.38,$54350.41,$100145.17,$97970.39,875,283,191
$435969.09,$91966.36,$380713.19,$67139.15,35,97,74
$397860.91,$79765.04,$409035.54,$77247.57,682,259,908
$297913.65,$90309.17,$315599.53,$80017.02,679,605,311
$421658.68,$83676.50,$266735.50,$94540.99,900,379,578
$288218.74,$67897.40,$463816.82,$98514.70,493,465,371
$100286.42,$51933.85,$149803.52,$77441.49,76,420,187
$507811.15,$81816.17,$280594.94,$71709.28,841,421,557
$439317.81,$89571.89,$340636.73,$86404.84,818,548,673
$198139.49,$70812.69,$570597.48,$50757.41,634,643,310
$157251.21,$66033.38,$266412.61,$76019.22,828,130,935
$548287.42,$82872.60,$187548.35,$72479.73,454,142,907
$144736.15,$54822.77,$466201.43,$96950.15,855,137,93
$343082.43,$65721.17,$339566.52,$66203.35,465,255,679
$561273.53,$52135.45,$584136.44,$83518.75,662,895,22
$296533.46,$92707.40,$118164.99,$56313.31,655,314,57
$564932.75,$63690.30,$249739.78,$92030.78,111,897,533
$139264.50,$87910.13,$527652.88,$62647.24,738,35,79
$476711.91,$79825.45,$205325.30,$82658.49,361,572,975
$282727.00,$66386.33,$596282.23,$92414.90,505,38,661
$192536.83,$99303.28,$592695.61,$70415.14,769,493,249
$418260.48,$94526.50,$180483.50,$60230.10,102,336,312
$223086.84,$70549.89,$167070.91,$99472.76,478,366,206
$128509.69,$91936.11,$166868.52,$96601.42,401,951,492
$264799.55,$54106.34,$579777.70,$96030.81,366,84,300
$402250.56,$91032.95,$548895.20,$90971.14,942,374,960
$145436.10,$73804.10,$526863.43,$57837.84,586,577,790
$166845.14,$72499.85,$190703.67,$70372.88,176,740,959
$345310.39,$96631.09,$404964.96,$76337.57,275,77,843
$410664.08,$58514.10,$520923.57,$59246.19,167,726,587
$252971.83,$85409.67,$556672.05,$92112.46,276,40,667
$246146.46,$79732.88,$463792.82,$96914.36,596,745,588
$397503.28,$51789.62,$324319.18,$63845.67,615,968,458
$344060.94,$53568.37,$222225.30,$74728.80,625,760,261
$464499.80,$63610.71,$390833.55,$54901.97,469,305,226
$596585.16,$67118.03,$460647.53,$50099.41,717,261,534
$194067.95,$82188.41,$443739.33,$67300.87,521,596,423
$443958.40,$64776.55,$401881.20,$62342.20,456,123,508
$306882.22,$96227.66,$364042.33,$99106.31,158,907,647
$400542.45,$69232.08,$548890.88,$67636.31,678,799,854
$538758.23,$94883.47,$596115.87,$57980.30,978,296,47
$195931.94,$67540.13,$523153.82,$99938.82,64,469,293
$197613.15,$50931.30,$241303.09,$73364.33,895,969,182
$319924.46,$62028.16,$199885.56,$67179.45,540,890,155
$151388.00,$76685.80,$327381.33,$90020.92,795,757,401
$138539.17,$95196.01,$415130.37,$58716.52,695,218,163
$308358.79,$82895.66,$554216.47,$74312.52,266,782,428
$422983.78,$52109.36,$175303.65,$78870.29,332,827,784
$340683.64,$99058.34,$510644.56,$63918.03,804,59,141
$248070.04,$97002.84,$506044.71,$63084.56,697,326,846
$211746.02,$99359.08,$533699.36,$50176.55,92,814,831
$224708.40,$90712.93,$116952.95,$93518.40,90,918,810
$405395.63,$61769.37,$397959.20,$53663.81,373,772,410
$263925.57,$65407.63,$532804.33,$69930.02,304,177,242
$382223.59,$97533.96,$357883.82,$96411.71,268,755,482
$289634.03,$97238.28,$364187.46,$68837.32,636,303,217
$584388.83,$71809.96,$287437.09,$92367.41,820,180,193
$140658.45,$87196.75,$580225.05,$65051.54,509,878,485
$160629.43,$83393.01,$223285.03,$86428.09,302,510,441
$239720.28,$61139.32,$345074.31,$95606.93,119,23,733
$217557.64,$95586.26,$370522.92,$94103.45,435,415,962
$550828.39,$92921.41,$279515.24,$69104.19,484,91,449
$162136.49,$88319.52,$313725.59,$72148.71,646,733,12
$329897.40,$72856.57,$211611.73,$88059.76,209,549,696
$515261.67,$93724.30,$477366.13,$71288.28,920,360,615
$385942.49,$67437.87,$103052.00,$96981.05,872,285,887
$398357.03,$62770.90,$287094.65,$69455.36,626,491,575
$105197.01,$70923.71,$467723.42,$93355.55,755,360,167
$306772.58,$85275.74,$218786.13,$89419.50,451,883,110
$352687.25,$71518.56,$376377.84,$87113.49,343,138,830
$172644.67,$99182.76,$348895.55,$62020.74,861,268,400
$457771.68,$55168.09,$363414.48,$68340.75,269,955,530
$482266.94,$71959.43,$503483.43,$58478.75,694,638,102
$568049.41,$59327.35,$352374.97,$85304.72,184,915,599
$523681.33,$61347.83,$385244.35,$76484.30,977,59,908
$142835.49,$92445.63,$459120.47,$82092.88,948,995,929
$140130.79,$73456.25,$438972.58,$91984.03,211,736,614
$333356.65,$80087.56,$588386.58,$95034.34,183,624,225
$559391.63,$84141.04,$278045.17,$88596.74,925,764,62
$258380.73,$83327.57,$428704.92,$75668.07,894,769,656
$536917.96,$96128.55,$598678.62,$71747.52,704,658,281
$405452.15,$62490.23,$153545.60,$61506.14,151,851,100
$445177.54,$81703.30,$372187.44,$98519.79,736,155,133
$168916.91,$70661.60,$416259.93,$79116.45,421,632,409
$160786.65,$99070.85,$308395.82,$97409.70,44,685,511
$517377.02,$50621.10,$357188.24,$98440.22,234,828,781
$462895.47,$86946.47,$510045.06,$92292.99,804,574,541
$359142.68,$93027.43,$228977.86,$74618.06,707,478,427
$280379.95,$66237.50,$343622.84,$83414.05,767,231,113
$335388.03,$67178.20,$382749.38,$88740.17,526,474,499
$595593.55,$68339.95,$140991.08,$58397.34,930,842,899
$435463.36,$51306.71,$151687.99,$96200.33,333,67,153
$210705.53,$64037.73,$463206.27,$86078.56,27,42,915
$369467.12,$73850.96,$551523.73,$62068.70,267,220,554
$217898.28,$87641.40,$319376.09,$69473.04,567,504,818
$318919.95,$56611.31,$464833.26,$94421.28,93,409,570
$298764.52,$99097.51,$492357.13,$94779.32,459,569,551
$155510.54,$70101.18,$323118.11,$57566.36,698,877,848
$463143.52,$57266.65,$317511.24,$59006.17,383,916,740
$448360.40,$79149.22,$244723.03,$58393.43,398,1,553
$531649.84,$95945.46,$185198.12,$99141.85,531,80,53
$206996.72,$50361.16,$577187.79,$74791.57,706,382,311
$464757.74,$54338.43,$403789.01,$90371.34,185,620,110
$451872.94,$80731.28,$300501.72,$93700.43,28,840,602
$129030.14,$95519.91,$169812.07,$85554.07,617,192,709
$205092.14,$90687.52,$368357.56,$90566.63,445,367,958
$598418.00,$56080.72,$182354.21,$81911.23,28,675,114
$116637.36,$75516.77,$270758.66,$67973.49,741,181,775
$490895.39,$80905.30,$590949.53,$57028.91,93,776,123
$532144.10,$66032.80,$544840.61,$96858.43,395,366,847
$566164.73,$87583.76,$164326.13,$86334.35,697,921,787
$156874.19,$79510.53,$595380.40,$83904.14,589,257,288
$474059.62,$59116.05,$128720.79,$55631.64,199,854,811
$450863.50,$82945.41,$496956.38,$94948.17,196,810,9
$122036.52,$80739.51,$543270.95,$63027.52,189,594,584
$147402.09,$71380.73,$193842.20,$69308.20,609,746,572
$278759.47,$54033.00,$575977.65,$66197.93,270,812,1000
$310163.59,$64752.92,$488432.24,$57594.46,697,534,917
$318923.71,$59481.38,$143783.19,$85017.71,367,491,932
$299718.65,$66803.87,$457810.83,$58005.93,475,203,487
$358338.67,$84159.80,$401909.56,$70714.41,489,332,677
$250659.87,$69429.14,$580517.58,$65139.87,121,817,343
$482357.04,$98256.96,$418223.54,$61567.80,699,93,372
$585107.57,$75935.84,$593054.95,$52996.51,941,257,531
$277450.25,$72836.96,$404398.89,$81088.63,163,336,948
$315952.91,$81613.57,$295398.49,$74000.18,664,46,268
$365098.50,$73959.60,$165987.53,$89965.50,404,82,637
$301795.07,$62090.92,$369359.55,$78517.99,119,720,404
$117776.12,$93587.53,$511201.37,$50207.74,942,797,920
$121408.53,$76275.55,$143338.17,$99580.24,180,162,348
$357673.23,$67709.44,$236154.82,$75693.94,219,785,319
$425734.21,$97809.92,$420521.98,$90571.71,82,943,643
$348336.63,$67757.99,$302258.36,$72446.16,196,938,586
$196681.45,$68416.50,$472098.91,$83270.26,498,860,835
$315177.45,$94151.06,$542583.27,$95846.18,86,897,939
$529223.39,$91172.09,$381982.55,$98418.12,900,26,571
$165836.04,$83322.86,$462079.81,$78019.31,231,897,955
$452697.08,$78653.12,$260539.84,$86687.65,857,816,383
$490145.07,$71078.30,$398515.89,$87540.84,431,90,901
$170290.33,$89232.01,$383709.27,$99515.45,662,473,477
$128800.71,$50690.23,$163931.26,$75081.30,717,102,708
$223894.97,$74233.64,$351177.35,$55594.06,671,36,799
$350296.19,$88145.99,$278066.91,$65708.56,576,55,513
$405069.34,$83484.06,$158382.87,$99769.74,571,421,6
$241838.13,$82142.02,$159658.61,$66063.24,39,937,975
$408513.33,$88699.72,$354577.03,$75955.94,363,599,45
$413984.03,$72095.28,$245628.24,$91701.68,677,70,489
$208090.94,$99371.91,$254108.88,$81551.54,925,11,224
$362117.37,$65951.04,$294913.32,$68778.21,167,525,185
$274349.24,$74371.30,$214053.19,$94466.69,690,259,656
$192570.24,$70184.24,$165353.62,$53450.24,417,677,795
$289255.11,$99500.27,$435195.83,$93775.67,354,164,536
$353169.95,$90329.41,$501866.35,$72102.67,312,296,960
$534846.59,$61423.10,$212560.06,$83780.38,836,628,745
$418761.64,$82108.60,$307059.70,$73571.55,120,946,989
$361248.63,$72249.13,$488135.34,$71686.46,722,908,96
$520671.62,$64697.57,$103840.19,$51494.43,395,734,183
$461704.87,$67061.79,$237747.08,$78690.15,74,964,276
$193395.19,$87827.37,$207111.67,$98004.69,458,948,642
$483160.30,$68826.95,$526099.72,$59057.74,437,728,568
$427089.02,$51660.22,$100628.75,$71336.90,793,760,953
$225963.21,$97902.68,$112595.41,$75733.66,601,976,809
$419813.71,$95981.97,$231904.61,$64323.58,737,745,593
$502685.40,$57557.51,$366297.97,$51144.35,2,421,604
$101213.09,$70579.57,$162939.36,$61784.49,931,609,226
$510740.42,$50648.97,$173670.77,$68030.88,997,854,180
$460643.75,$91473.10,$350373.36,$86624.06,445,47,12
$155078.04,$89927.52,$332969.46,$80355.48,284,886,752
$188629.85,$90624.08,$418593.10,$66585.48,6,159,363
$255473.27,$76831.59,$325664.32,$94938.63,266,394,840
$202426.03,$89834.59,$154303.22,$68836.47,505,613,126
$510640.12,$77602.24,$243166.59,$75059.78,730,428,537
$449374.96,$78617.26,$315736.52,$81031.60,947,154,999
$240161.88,$75130.59,$411826.02,$99325.38,434,949,838
$158895.64,$72208.69,$253389.42,$59832.50,340,476,502
$167608.60,$94502.65,$573606.99,$89479.38,181,765,270
$253130.63,$98457.99,$252135.74,$58876.25,982,310,77
$415317.11,$89097.46,$261657.37,$78227.46,388,438,492
$293223.70,$99438.06,$484119.54,$61571.89,685,812,97
$392249.02,$95308.30,$378465.47,$74818.54,537,422,470
$346947.54,$59199.22,$458415.82,$71417.14,943,686,576
$155011.49,$71081.86,$521526.81,$58761.23,936,866,969
$375844.75,$73312.10,$281555.69,$51802.28,387,219,415
$503614.87,$77066.73,$532506.71,$71523.37,379,288,436
$361914.38,$67196.46,$531827.95,$71347.97,429,49,34
$326248.70,$79136.38,$405472.58,$52837.72,790,841,483
$559694.53,$79838.90,$500098.52,$65960.57,73,114,300
$103815.74,$92290.41,$167405.75,$54888.68,119,236,850
$118116.34,$88690.75,$264508.92,$94082.68,999,644,337
$263015.57,$72311.29,$347662.11,$95601.04,778,11,160
$299719.61,$50747.01,$315777.83,$76953.75,431,19,806
$189215.57,$68200.30,$161276.31,$79471.38,835,887,751
$407448.68,$61430.57,$566340.10,$97800.84,775,76,983
$351455.44,$59555.16,$197266.43,$82411.71,676,749,931
$373171.24,$95826.35,$276251.58,$94576.91,289,884,404
$264824.36,$80106.01,$308873.09,$85081.04,947,794,577
$263328.90,$67788.19,$220283.39,$97472.20,339,646,234
$207342.20,$71440.49,$503703.03,$52142.67,604,330,197
$300169.04,$60068.51,$454193.81,$90339.33,828,588,793
$300272.69,$60510.65,$508271.06,$68074.96,395,617,929
$120745.71,$96157.42,$244454.23,$71345.54,599,467,261
$594757.08,$77991.00,$115035.78,$65327.75,246,488,926
$335634.89,$75640.08,$480441.77,$63480.24,379,480,367
$309008.93,$70924.75,$466150.97,$97597.48,113,810,432
$514040.17,$81350.98,$306447.92,$56347.92,462,792,204
$128925.36,$60137.28,$163099.61,$62132.34,977,848,112
$360340.08,$80595.29,$198456.21,$66001.28,78,789,557
$179406.97,$73772.24,$356689.68,$61069.19,908,175,926
$571858.17,$86206.69,$454324.87,$79170.33,233,358,392
$206432.51,$70719.53,$584886.91,$56170.21,398,186,29
$580650.29,$69844.94,$438564.29,$84822.21,830,858,429
$575932.36,$76365.98,$429621.20,$70602.75,683,579,418
$296582.58,$67674.15,$300148.40,$70238.41,778,662,527
$229968.05,$94194.07,$261866.30,$57178.32,392,189,730
$570841.91,$60797.66,$515262.74,$77148.34,469,899,148
$486410.05,$52506.78,$547328.03,$93445.66,953,419,328
$508117.06,$61829.36,$370298.49,$54578.76,850,30,690
$345901.15,$64513.14,$342422.22,$75746.91,640,654,130
$496986.64,$77778.96,$312173.41,$68480.33,832,814,219
$246403.83,$57917.49,$498792.06,$86432.64,336,425,70
$211805.45,$70968.40,$478635.95,$57971.20,872,538,736
$268902.21,$55024.37,$217709.26,$88457.39,658,349,707
$405196.78,$66506.43,$168176.66,$78931.94,956,156,949
$190858.23,$53779.01,$106710.28,$81677.87,436,847,566
$418125.74,$76652.37,$289159.60,$71742.90,60,949,586
$585117.31,$71446.83,$126738.67,$92286.70,757,106,49
$103991.80,$64406.32,$421328.45,$97345.31,789,750,95
$241959.15,$52769.91,$140456.23,$62505.40,69,811,14
$397390.51,$67803.73,$213156.05,$75622.52,446,152,165
$388497.81,$63258.71,$315275.35,$96756.06,453,801,574
$362481.31,$58873.86,$526873.70,$89439.14,886,830,874
$532659.16,$84259.03,$428828.89,$97618.22,425,553,182
$389204.82,$63959.14,$447556.18,$94351.26,283,38,81
$489115.25,$63428.96,$207566.35,$78123.21,311,424,664
$220651.51,$93257.89,$298411.54,$69370.21,495,287,965
$484295.06,$62724.31,$336767.15,$88876.34,472,476,475
$323362.27,$89509.63,$515481.84,$69551.04,188,184,416
$550524.87,$70355.81,$326656.60,$72522.30,819,750,983
$210569.46,$68485.53,$327971.89,$64589.96,42,215,929
$451528.19,$72345.18,$115193.89,$83014.88,237,585,578
$588219.86,$83873.06,$208218.54,$70795.92,712,210,627
$217978.53,$67457.32,$517632.12,$76649.43,165,764,714
$383372.98,$95670.49,$337707.96,$62230.62,736,173,415
$545727.12,$65817.30,$488369.66,$63857.17,403,60,850
$496657.50,$50239.60,$322619.22,$96919.60,214,124,639
$105676.97,$75075.19,$446357.12,$73546.51,720,989,617
$169948.15,$85925.12,$555313.72,$89751.97,617,97,686
$426224.39,$71211.30,$242278.69,$76929.91,383,815,127
$382686.58,$86227.91,$114853.77,$78963.43,194,652,909
$556170.10,$60486.40,$454143.19,$99698.32,696,382,447
$592391.60,$98143.24,$312847.78,$54108.42,435,632,648
$128800.48,$91325.46,$134787.48,$71824.39,523,115,722
$277714.76,$85227.74,$307551.18,$85238.08,597,239,71
$409408.27,$52997.30,$226097.10,$57764.58,699,74,825
$416513.21,$66053.49,$425358.93,$95120.10,143,545,565
$372756.05,$88779.83,$238995.16,$88901.96,61,354,774
$574982.39,$98392.37,$455419.05,$65186.92,683,266,661
$124493.29,$53290.51,$556942.78,$69911.02,519,584,351
$593128.19,$88239.17,$500388.15,$84384.18,394,538,122
$414116.07,$89543.52,$171694.90,$75631.95,451,876,683
$388281.23,$90600.25,$374394.98,$67268.63,730,433,597
$437220.54,$95867.30,$130068.76,$82442.97,991,891,91
$310327.26,$82083.92,$535852.37,$58264.02,739,626,365
$387527.25,$60010.31,$555337.77,$73897.51,243,316,296
$194629.35,$53722.34,$469282.28,$51633.13,845,541,37
$321881.36,$63118.96,$503047.91,$82551.87,258,374,694
$396865.75,$71800.57,$379639.99,$75027.28,39,760,213
$564365.53,$73301.15,$308056.14,$97985.60,254,100,245
$491022.91,$73568.30,$352607.68,$62528.19,725,933,741
$480088.63,$79432.72,$452101.94,$52290.68,819,631,604
$450846.81,$62555.80,$468353.17,$96372.57,143,652,379
$357819.63,$95917.32,$140013.05,$89800.66,744,316,209
$342117.21,$51806.17,$429467.08,$64025.55,800,221,218
$199347.04,$85719.25,$455276.52,$61711.52,739,10,492
$530700.93,$73141.14,$525447.84,$92065.61,741,753,301
$416602.66,$60399.69,$245582.06,$84087.73,397,500,276
$359123.36,$64898.06,$512617.15,$53248.94,865,422,816
$123549.15,$53476.56,$229902.39,$91704.11,247,912,758
$437788.52,$62226.94,$210555.64,$87177.95,633,585,609
$330225.34,$78225.74,$388161.15,$70171.50,312,653,479
$316966.47,$61411.90,$385370.72,$95674.04,572,497,857
$468419.15,$99387.69,$459545.04,$78464.41,130,58,198
$492308.67,$53900.35,$358883.87,$52516.84,362,204,601
$205639.40,$61229.00,$190824.16,$68548.25,161,410,940
$414295.35,$69836.83,$327608.56,$70785.99,213,149,533
$188364.28,$94202.81,$319019.43,$58098.94,986,869,287
$571725.18,$76139.61,$300201.59,$56422.56,535,737,733
$385197.59,$53852.06,$290565.24,$61771.81,594,746,379
$319674.92,$78641.53,$270205.99,$72608.06,40,19,968
$569973.16,$90702.07,$273948.70,$85628.66,866,826,700
$580177.04,$51253.68,$178735.53,$73290.04,826,768,365
$479904.22,$57509.59,$138330.97,$63185.27,488,585,573
$298716.65,$78967.53,$349681.47,$89058.82,232,599,321
$193936.83,$80562.75,$333329.58,$61331.54,615,311,836
$170395.53,$61633.64,$408122.85,$67150.24,696,812,682
$457810.04,$52821.59,$501923.19,$71311.14,235,52,810
$345698.83,$99059.89,$464351.22,$50337.73,595,302,192
$404289.21,$83434.59,$116842.17,$85244.84,674,66,184
$378695.53,$86429.01,$569022.13,$57235.58,746,286,324
$258710.54,$63067.68,$114996.15,$54142.59,646,69,512
$545242.03,$78529.88,$153692.67,$89602.01,145,616,819
$198857.36,$72603.67,$441348.09,$65143.52,259,654,497
$241137.74,$50845.77,$266612.02,$81157.95,800,671,420
$188553.92,$97667.61,$281361.96,$89946.24,551,28,897
$404206.87,$97177.17,$339483.95,$87123.75,251,681,425
$509259.42,$87650.45,$449600.36,$70391.08,303,403,389
$305425.52,$87342.44,$432550.34,$50091.98,411,708,722
$351833.23,$91305.48,$165267.82,$66747.91,943,521,850
$189560.59,$99774.90,$433704.03,$52434.21,756,96,374
$336657.43,$84408.69,$300196.16,$53451.90,142,653,119
$557293.90,$94540.90,$338999.88,$60253.58,934,5,57
$505795.72,$77019.36,$252033.27,$76301.89,452,161,656
$380492.96,$77899.68,$101372.34,$86285.25,787,192,540
$131042.17,$66957.02,$116087.37,$98087.51,309,520,974
$307130.15,$82995.39,$449615.47,$81345.16,103,825,207
$239689.73,$88915.97,$223853.92,$64893.28,803,681,558
$563735.82,$55903.31,$292029.07,$60857.94,983,332,431
$554953.27,$76391.55,$435127.93,$51362.54,312,70,408
$191778.41,$72181.21,$322673.83,$76978.27,251,679,309
$532970.71,$59022.60,$274955.24,$60236.93,271,633,746
$591922.80,$95899.27,$595874.38,$73181.61,164,163,807
$542485.22,$76536.74,$117208.18,$86841.19,504,840,766
$161534.76,$96999.82,$154164.89,$79514.79,915,594,281
$253529.66,$79954.23,$282585.41,$57077.44,542,665,85
$404557.35,$58968.12,$596989.52,$54776.57,40,99,687
$586896.91,$90508.35,$180012.58,$57706.95,753,426,399
$503223.06,$76402.92,$262647.05,$83676.62,458,608,265
$415318.09,$75034.98,$169912.17,$99125.01,144,438,404
$522529.91,$65832.86,$192998.86,$55364.56,382,418,386
$367441.99,$87332.74,$320072.77,$65448.53,427,931,252
$542819.04,$51949.22,$250971.23,$58968.53,555,597,826
$246573.33,$53292.74,$569059.56,$89785.37,773,438,946
$444017.20,$55339.35,$267245.77,$69246.21,808,619,781
$554863.50,$76112.77,$133702.34,$79111.55,532,722,918
$363332.85,$78604.59,$121439.69,$90763.95,389,150,850
$266830.42,$78879.73,$531437.42,$65582.38,176,221,576
$291308.95,$50790.09,$595359.94,$77329.44,65,73,745
$120136.74,$88403.22,$408748.81,$64430.03,517,589,387
$284900.72,$66662.30,$204317.85,$94589.04,892,302,530
$455233.57,$89848.63,$325762.63,$89367.47,329,934,161
$598608.66,$93647.24,$178739.73,$56397.78,466,818,386
$377027.25,$74421.88,$253457.36,$85045.31,478,469,802
$396328.55,$59212.61,$584988.94,$67342.30,336,784,901
$546904.18,$51224.29,$344850.95,$74796.10,968,94,783
$217384.59,$78589.24,$412513.10,$52872.08,890,327,32
$150042.90,$59994.11,$437156.23,$83271.50,676,180,797
$525487.96,$62665.13,$150267.47,$86657.85,863,122,460
$317129.44,$65902.17,$187365.22,$81576.83,628,935,761
$341962.92,$50809.65,$569152.63,$84510.14,798,615,44
$320556.12,$90713.58,$190816.82,$97389.27,584,71,398
$119785.32,$54592.76,$317553.88,$93214.60,996,844,607
$339220.12,$68336.07,$517811.04,$87255.43,627,651,797
$384303.68,$83278.16,$509443.10,$70303.63,522,256,972
$168030.77,$80275.82,$387795.35,$92899.13,866,192,947
$318018.19,$86272.37,$533771.66,$52189.56,827,624,71
$506227.24,$70403.50,$414840.68,$63445.04,670,923,220
$271258.93,$76222.85,$481659.81,$65532.43,85,790,236
$390755.99,$79505.78,$203841.14,$63135.30,696,478,852
$252675.97,$59693.59,$491340.34,$77071.98,205,313,853
$323928.86,$83225.68,$559798.90,$96047.44,303,228,91
$235668.39,$90701.84,$109641.32,$67177.33,998,750,372
$295579.28,$96821.05,$221868.90,$91156.92,897,827,570
$416027.04,$87753.87,$492401.88,$63685.47,181,954,12
$490374.93,$92903.71,$566420.85,$78160.97,516,637,697
$106198.95,$85399.24,$355796.14,$87877.56,473,359,621
$595399.32,$77839.90,$369927.89,$59219.09,492,732,145
$389074.55,$80779.99,$205344.01,$66419.25,10,78,495
$143581.11,$82502.45,$572790.12,$83279.20,791,21,333
$209940.30,$95234.48,$436327.03,$89382.89,219,735,2
$306637.94,$81050.79,$430846.48,$81907.89,253,193,663
$181685.15,$51302.52,$515963.21,$86131.75,40,969,374
$528023.78,$88640.56,$383590.99,$69162.68,140,938,290
$510715.74,$67805.51,$229896.73,$68067.38,917,390,333
$141965.17,$94898.70,$507931.02,$84459.98,433,520,733
$443015.56,$82509.42,$406933.15,$80378.96,843,169,460
$223128.58,$86525.13,$194072.11,$57539.95,82,279,669
$464995.17,$68200.49,$204375.15,$87308.10,617,392,271
$534551.91,$67520.70,$110872.51,$91689.66,655,615,603
$357546.21,$73293.34,$420611.78,$65041.31,996,75,644
$533884.26,$69914.47,$246096.13,$70356.31,536,736,326
$196930.79,$66532.94,$336664.45,$91962.03,471,886,587
$256664.85,$82766.35,$207949.03,$92886.04,993,335,632
$287989.56,$92713.31,$130775.07,$78001.24,630,882,979
$510505.91,$69895.65,$112678.82,$69438.87,248,331,534
$111796.83,$75910.03,$124888.17,$89797.93,664,257,255
$543127.99,$57872.56,$342592.04,$64133.12,157,599,83
$396313.68,$50590.04,$458012.18,$92843.89,783,762,478
$205280.87,$60765.08,$225174.85,$93726.29,77,629,87
$326618.35,$82494.04,$101208.36,$81071.73,873,453,179
$135729.27,$62957.53,$125536.64,$69851.38,612,594,608
$370342.70,$66642.53,$180240.09,$75386.42,384,507,267
$244827.55,$70194.57,$152212.52,$67652.11,212,566,625
$171193.62,$56485.56,$550215.76,$87820.20,598,52,836
$341694.71,$97115.37,$182760.16,$74562.88,739,502,797
$401142.16,$86648.41,$391132.67,$71511.31,136,965,329
$510222.62,$83111.77,$144905.42,$91623.68,122,794,506
$391312.20,$55775.03,$263151.23,$54031.52,87,99,243
$524201.65,$70668.59,$196799.27,$82259.05,885,90,976
$552478.20,$72710.32,$123107.85,$62594.96,494,528,599
$594392.22,$61156.28,$435488.41,$73318.46,215,65,955
$268077.39,$59498.27,$263713.88,$82643.26,79,406,153
$265116.61,$54352.70,$306437.78,$77468.25,993,302,147
$563178.96,$63782.43,$253073.07,$62390.22,118,550,762
$437472.31,$75845.28,$430435.16,$82156.31,113,25,7
$337850.23,$70106.38,$180155.28,$77406.22,988,507,627
$334557.70,$72413.91,$208398.24,$75963.24,415,693,559
$162756.59,$87230.21,$313193.02,$90815.01,667,277,573
$331012.04,$89116.10,$296650.70,$71134.68,20,167,580
$176831.64,$94575.63,$292361.49,$62568.72,166,654,5
$560522.75,$66504.84,$276434.53,$93336.92,683,601,301
$164749.11,$93779.35,$542096.02,$91979.13,305,10,895
$519945.10,$64884.88,$189080.60,$71665.79,398,635,729
$367430.04,$55429.83,$119624.25,$83824.48,82,861,480
$202142.30,$87272.15,$145593.64,$66639.20,105,818,407
$384804.74,$75623.90,$274404.42,$82449.58,709,502,897
$546276.75,$99055.08,$332753.87,$75889.23,285,503,658
$357691.10,$85525.25,$384908.90,$74516.61,579,29,824
$546883.59,$66393.10,$575256.30,$82682.67,214,95,168
$588176.57,$86003.99,$350979.62,$95676.32,663,181,106
$131848.30,$84541.43,$536311.08,$68194.76,681,601,965
$403282.97,$88752.79,$452560.98,$65527.59,740,768,947
$576913.64,$97304.39,$480851.38,$94559.84,383,224,703
$397898.12,$65759.59,$364577.62,$93543.51,260,688,323
$211398.83,$93134.16,$351963.54,$63684.16,719,378,43
$350185.28,$90336.01,$513277.60,$77605.17,57,328,656
$391001.28,$80111.18,$482025.36,$90003.86,861,241,647
$578932.07,$91137.15,$293069.53,$71411.83,380,170,45
$583363.12,$70739.91,$307631.69,$55989.49,704,683,907
$276705.92,$90924.71,$164066.22,$58469.17,676,224,306
$402670.13,$77795.75,$482741.06,$83396.06,377,839,88
$384038.32,$82262.99,$441351.95,$91402.96,923,765,21
$250271.50,$62732.29,$396511.01,$96443.06,349,384,459
$403628.87,$63299.19,$190315.51,$55972.69,937,601,259
$386762.54,$94973.64,$382675.85,$62246.86,895,108,651
$158491.53,$83185.12,$137340.30,$56418.74,776,916,614
$139580.95,$90588.28,$176044.59,$61615.17,137,421,332
$237081.33,$92566.59,$340369.43,$61945.60,50,368,164
$163935.12,$65482.55,$123585.77,$52848.38,212,492,851
$178598.23,$62756.60,$161647.94,$99056.95,883,28,593
$391435.34,$50977.41,$415285.27,$97928.63,412,946,807
$495908.62,$63636.88,$281395.48,$57118.58,310,853,239
$467692.38,$91664.89,$137139.29,$80206.15,463,532,406
$235114.16,$50506.21,$155922.26,$59633.00,818,850,283
$420023.57,$52558.46,$122854.46,$65889.05,201,323,256
$355109.30,$90124.67,$595321.21,$97937.87,589,86,853
$492467.78,$52477.29,$495903.58,$71950.65,680,526,951
$288506.06,$91854.31,$399658.27,$95071.38,881,985,568
$272755.57,$99596.81,$134437.22,$76128.06,205,326,727
$524059.56,$67374.62,$580542.12,$98962.75,344,556,871
$100876.44,$84238.31,$502410.64,$76423.02,463,775,460
$395087.30,$62967.84,$441289.20,$98471.71,602,659,328
$384946.93,$73493.76,$378035.63,$61033.60,547,304,532
$323981.63,$69470.74,$404183.03,$64864.30,527,967,149
$568963.31,$88932.62,$180542.62,$61623.05,133,147,872
$309733.04,$87321.85,$465776.85,$64735.09,422,312,374
$376238.20,$55553.87,$348684.03,$66176.22,38,93,659
$185171.75,$99186.97,$169543.65,$71130.34,734,11,686
$294245.02,$56250.07,$297184.36,$72831.05,319,861,296
$237816.33,$68387.59,$489323.54,$60198.12,520,317,354
$107206.32,$76194.77,$207220.22,$86922.93,50,699,658
$203277.47,$66791.84,$404880.68,$54833.09,74,592,702
$401306.59,$79799.11,$342223.83,$92756.00,268,570,845
$558176.33,$64503.96,$415444.59,$60163.47,312,215,665
$442197.98,$53283.93,$221290.63,$82379.61,170,281,584
$199474.71,$92878.91,$305538.60,$72218.76,807,585,61
$290841.01,$51133.41,$336997.24,$53957.11,176,214,720
$279227.65,$84246.87,$223074.35,$83618.88,133,523,975
$528387.51,$50122.40,$598494.33,$93182.72,723,748,619
$528088.71,$87514.21,$599895.05,$53712.80,968,686,407
$205883.09,$59067.74,$256376.21,$73343.51,226,82,737
$436820.32,$85510.98,$325719.87,$58700.35,748,592,798
$390774.89,$69169.69,$319663.57,$65997.11,55,236,356
$193767.27,$62511.93,$323771.05,$87302.27,995,796,517
$561617.16,$63230.43,$171165.45,$63897.41,343,17,805
$477263.38,$90022.91,$261549.18,$64349.24,80,961,876
$323190.28,$67776.67,$315786.88,$99771.95,222,645,342
$503697.41,$98144.71,$105892.86,$55081.67,107,454,487
$343630.45,$69077.39,$293063.82,$99194.71,87,889,367
$136199.91,$98192.60,$359350.63,$73112.48,22,719,417
$551932.11,$59926.19,$183912.72,$50182.50,367,93,691
$352096.69,$56070.35,$297600.95,$83981.12,945,736,230
$152048.40,$61230.38,$382789.79,$66187.60,629,306,118
$498118.86,$99257.88,$127197.28,$90064.92,871,538,347
$593303.26,$67400.40,$531168.49,$94739.54,650,279,421
$193562.41,$72069.28,$409328.15,$61663.98,990,495,63
$541757.01,$83758.66,$474022.90,$98948.26,458,248,278
$298783.88,$69525.75,$289858.31,$71139.11,959,121,678
$372384.64,$94715.33,$364127.98,$98345.56,628,561,642
$135272.28,$58257.17,$220471.19,$55120.43,236,990,191
$178574.22,$66941.60,$280448.98,$68902.40,129,391,91
$230943.99,$76737.01,$140041.67,$52257.14,200,684,137
$114382.06,$73239.57,$370197.20,$74562.68,186,165,253
$111286.82,$58985.91,$347787.99,$99002.53,948,312,376
$224829.91,$96476.61,$509249.78,$84997.81,929,383,302
$507394.99,$90937.68,$462579.08,$51921.36,376,467,100
$528790.91,$84829.83,$399544.46,$84830.96,436,876,537
$501773.84,$59804.19,$284710.36,$94526.51,856,630,66
$160316.72,$53876.70,$184005.88,$66055.68,830,430,832
$495012.65,$88086.57,$509768.94,$92512.01,970,324,483
$185982.68,$63392.17,$478096.89,$64191.99,752,930,938
$170423.72,$67889.31,$230340.56,$96578.36,988,752,266
$269148.83,$82986.04,$375614.22,$50615.56,995,74,834
$538584.42,$82847.53,$532059.30,$91030.98,191,680,750
$595022.46,$94518.18,$191305.21,$76194.02,181,323,584
$501418.13,$60242.31,$251226.31,$67518.58,409,485,666
$125973.99,$98741.73,$277098.65,$61661.98,45,896,311
$153132.67,$80269.45,$428182.47,$98061.06,668,403,688
$287505.08,$75959.07,$215978.08,$51199.44,983,2,318
$398806.44,$93165.54,$328971.34,$54099.97,226,314,214
$513968.30,$62175.25,$121222.62,$66071.22,523,238,776
$386196.49,$62350.40,$363162.40,$95778.39,346,79,6
$329300.42,$86791.82,$329744.02,$84372.76,677,981,948
$252647.53,$51494.75,$124810.97,$81212.63,433,244,985
$124052.18,$63628.95,$226520.73,$89791.71,989,753,19
$558926.05,$83636.02,$114070.02,$89422.38,628,674,635
$299365.80,$84643.48,$100097.55,$86776.81,129,909,689
$297086.41,$85489.31,$279310.60,$58447.77,734,614,677
$476483.76,$76442.52,$545969.68,$79627.81,262,393,858
$241320.66,$60804.20,$331008.89,$87297.36,645,106,439
$354714.05,$67278.54,$511537.92,$97209.29,736,520,960
$295908.65,$93003.47,$317570.54,$50811.89,168,670,770
$386665.12,$51379.33,$264705.67,$62550.52,286,727,153
$567451.59,$67795.13,$128695.39,$90530.85,959,809,547
$557454.58,$72053.99,$221414.54,$90140.23,130,648,991
$309927.59,$76753.23,$173020.76,$56457.84,654,601,233
$462341.57,$74951.43,$596850.15,$78525.36,872,684,216
$396257.20,$85944.98,$223308.21,$59171.22,56,157,746
$127962.88,$87181.07,$423018.66,$86976.09,95,483,875
$348493.90,$92887.96,$176742.64,$98610.76,195,981,357
$405149.43,$74744.39,$551240.33,$56533.85,316,579,776
$446389.07,$94994.22,$154209.23,$54863.15,266,940,652
$187683.24,$56127.08,$468018.41,$53832.85,322,735,173
$271511.98,$94377.84,$576066.13,$99800.66,906,503,859
$260276.24,$51471.38,$301089.13,$62228.98,571,986,999
$416668.18,$91623.43,$430739.62,$79102.44,799,488,655
$197288.73,$97252.75,$582519.47,$71634.02,61,455,519
$415552.27,$87357.74,$555811.17,$76788.23,406,346,446
$191602.40,$83322.13,$491236.34,$57886.29,876,349,411
$398129.00,$59514.39,$308599.67,$54211.87,794,333,548
$158981.40,$89125.31,$192824.36,$88476.84,217,162,969
$167661.35,$70656.75,$279345.91,$65409.28,656,690,122
$472418.16,$87027.79,$374425.96,$92902.77,77,943,27
$166947.32,$92340.10,$246144.92,$60323.32,28,43,216
$309037.16,$77559.24,$397992.38,$86791.99,796,309,497
$315534.76,$52119.32,$589857.52,$60267.70,842,222,427
$400423.68,$98900.10,$335035.09,$92536.28,166,168,472
$513373.38,$99340.55,$444762.18,$59443.06,936,365,316
$513069.43,$82946.30,$201446.16,$92922.86,289,919,522
$551179.77,$98679.28,$112242.25,$73533.15,699,368,538
$590527.92,$52249.77,$526204.21,$62762.77,785,297,199
$275230.97,$50133.49,$127817.11,$60197.74,628,681,70
$254274.19,$73582.14,$123116.18,$50665.31,51,575,898
$455918.33,$74236.13,$191123.24,$75237.27,244,177,118
$481476.24,$83327.93,$313373.65,$82774.17,711,99,145
$148907.92,$77051.85,$425755.97,$51572.45,643,6,994
$475105.31,$61141.85,$288501.59,$61711.74,524,931,8
$570874.80,$83842.69,$267558.63,$66450.62,696,853,654
$192376.53,$63977.35,$484660.37,$92865.74,18,53,763
$427119.14,$73447.02,$406483.91,$52088.25,114,113,678
$314818.28,$57961.44,$185632.15,$79772.34,112,4,591
$511646.45,$85532.81,$380844.63,$90486.74,417,550,590
$408150.91,$61482.37,$290422.81,$65166.16,268,798,936
$288149.05,$56264.25,$221575.19,$85875.49,596,85,213
$538655.02,$92174.41,$108334.10,$70574.75,320,79,40
$125524.24,$90329.24,$264731.72,$98651.63,117,419,931
$444180.44,$55762.44,$357760.50,$58225.21,456,909,767
$263062.85,$86285.89,$546990.15,$88041.81,345,893,723
$344005.64,$87830.07,$129258.51,$63365.17,274,224,410
$553469.63,$90230.36,$231497.46,$55457.42,341,927,278
$214915.20,$56762.79,$349821.37,$60399.38,909,589,378
$125188.10,$95402.75,$362439.10,$93172.51,119,500,588
$434730.53,$65803.60,$486325.91,$71555.90,185,502,364
$476070.49,$62117.72,$225273.28,$68064.14,950,554,963
$251825.87,$83028.10,$308410.94,$65316.22,461,317,541
$420698.82,$93088.66,$414043.45,$50900.95,350,54,730
$593070.18,$90816.08,$366916.50,$93165.39,307,607,409
$536303.21,$89334.98,$392904.58,$75209.54,820,762,374
$556353.93,$67452.60,$354342.37,$98197.82,444,177,728
$265671.89,$72151.38,$151996.40,$86605.01,427,375,565
$347125.41,$74656.71,$430787.90,$71193.65,925,293,26
$223636.31,$82839.32,$408490.92,$57677.77,717,770,794
$449414.93,$62382.24,$564147.35,$65664.67,220,712,684
$370588.23,$78811.92,$525239.93,$90335.84,623,808,153
$551258.23,$50624.44,$156947.86,$68163.09,744,916,920
$166714.13,$89352.33,$361746.14,$69793.53,762,229,390
$584854.08,$57005.87,$382854.79,$60173.45,318,829,419
$276631.29,$66310.71,$190035.18,$59819.57,505,906,969
$257681.96,$68191.34,$495570.53,$53942.09,247,24,850
$408575.35,$87997.55,$594912.60,$54216.39,759,110,452
$369449.94,$72998.73,$546828.93,$96460.25,177,131,936
$443739.59,$68183.19,$367377.00,$73922.11,39,455,444
$496806.12,$53142.91,$405244.17,$56382.19,975,853,781
$255059.66,$75262.76,$283270.91,$96145.42,566,798,648
$421009.33,$57113.09,$118301.03,$80522.42,792,24,304
$504267.26,$55222.69,$155318.55,$65571.46,463,295,547
$254516.13,$56070.96,$201661.20,$63109.33,760,453,551
$551077.42,$82922.85,$474656.60,$54166.54,985,197,443
$135181.42,$89367.23,$588919.76,$83069.13,49,349,742
$184694.12,$58737.79,$463461.58,$76688.95,375,940,468
$235658.22,$84516.79,$554940.26,$99273.66,55,576,512
$284739.26,$81373.08,$211124.71,$57955.23,413,475,353
$519217.91,$62863.18,$139107.14,$64862.48,30,200,793
$276523.78,$72442.56,$104652.29,$71294.80,242,828,302
$585813.39,$73597.74,$526436.93,$51989.25,467,822,656
$214189.59,$96680.44,$162821.35,$83274.55,940,360,948
$236869.09,$52642.28,$134337.03,$72521.32,787,892,787
$466575.88,$93707.06,$563581.80,$79758.80,522,126,72
$146153.30,$67896.58,$216410.92,$75193.41,391,191,292
$396858.27,$95778.46,$232641.42,$65487.97,616,984,277
$375129.21,$88991.31,$235268.25,$89748.78,810,888,702
$361113.66,$83878.37,$448529.85,$90615.72,927,60,1000
$472094.06,$68707.70,$582435.39,$85065.50,718,176,62
$574931.61,$84018.00,$173646.29,$82833.82,168,887,686
$467906.22,$76951.61,$196689.08,$57113.77,387,318,480
$184394.53,$79691.68,$524889.39,$80179.17,645,305,136
$589434.99,$61805.84,$510789.86,$70733.22,932,454,402
$501517.54,$70761.40,$375142.33,$65671.22,166,343,37
$221213.01,$56557.89,$307053.45,$57765.52,358,836,605
$398006.55,$81618.24,$420171.50,$73696.26,570,825,111
$234363.83,$56425.15,$243451.41,$84087.04,108,619,362
$266622.49,$55328.59,$591562.70,$60766.19,755,758,867
$354664.73,$97138.31,$411608.06,$99547.59,386,391,574
$114492.57,$74157.33,$238334.98,$74090.41,832,688,934
$389056.01,$60030.12,$598884.74,$64571.26,969,21,896
$309793.54,$96592.69,$118717.51,$63770.77,920,343,68
$489826.45,$50059.04,$478199.56,$64184.80,798,978,632
$534600.66,$68802.05,$355238.88,$74765.22,220,247,516
$403575.72,$71318.38,$162115.16,$82402.89,484,309,54
$526409.80,$61591.47,$237164.88,$58647.10,537,283,763
$554989.20,$69892.85,$559399.29,$55236.19,912,764,979
$460921.93,$67599.06,$444506.50,$93044.38,859,868,218
$317659.17,$85321.28,$498241.41,$88254.50,744,509,549
$233294.45,$90307.69,$265868.90,$68428.75,55,874,308
$329298.56,$50475.56,$170810.69,$88565.52,285,3,953
$362211.21,$93086.27,$235021.35,$79280.29,741,172,436
$327136.84,$63577.31,$373388.96,$86672.47,759,419,790
$473221.20,$62285.86,$356583.39,$57510.51,114,483,684
$276460.55,$67649.54,$438926.90,$63652.54,15,852,212
$542850.06,$98368.70,$477605.44,$74675.75,280,590,795
$242419.08,$85266.42,$223449.26,$95775.73,902,650,667
$417672.33,$52206.23,$597029.43,$52517.60,937,793,940
$421604.63,$58995.92,$354984.69,$90460.67,689,57,412
$324929.04,$92700.23,$293769.83,$65242.77,179,873,507
