organizationId,salesOrderId,transactionCurrencyId,accountId,exchangeRate,orderNumber,totalAmount,totalAmountBase,totalTax,totalTaxBase,distributionChannel,orderDate
143,929,562,446,61,4959,846,38,893,451,111,2017/05/14
454,98,241,869,22,2313,635,403,923,83,124,2015/07/24
30,823,830,345,52,2276,961,200,737,394,107,2017/12/01
282,314,406,680,53,1860,751,372,815,277,319,2015/06/28
68,386,985,700,97,3511,786,193,692,123,342,2016/04/26
82,340,945,280,80,2027,588,193,629,253,104,2015/01/31
862,911,937,78,100,4200,937,210,678,375,86,2017/11/10
821,135,202,424,79,2861,547,62,937,21,106,2015/02/27
924,548,65,651,19,1484,997,481,852,135,382,2017/06/01
169,212,729,576,24,4859,779,451,935,387,309,2017/06/28
926,682,746,429,24,1233,571,11,744,52,273,2016/09/28
168,184,96,780,37,4745,941,495,722,105,490,2017/03/21
237,49,57,692,1,1012,606,257,788,77,157,2018/07/06
168,85,880,737,44,3078,783,300,780,495,184,2015/06/22
890,716,608,643,91,4723,857,277,598,292,340,2015/08/09
999,55,677,51,84,1435,514,407,800,177,117,2017/06/14
61,112,877,215,91,1208,589,425,728,256,155,2017/09/08
656,95,251,809,44,4342,931,340,783,13,61,2016/10/06
66,688,473,305,18,4662,908,339,866,410,235,2017/10/05
256,81,474,255,64,2440,502,120,973,348,174,2015/10/08
107,706,708,884,53,1249,852,244,563,162,420,2015/02/17
650,106,723,896,57,4825,610,172,650,320,344,2018/07/13
819,666,341,891,24,3501,857,260,633,104,96,2015/05/17
583,783,74,225,89,3793,690,459,668,410,30,2017/02/16
986,570,787,53,3,4723,897,48,614,35,133,2016/09/26
4,427,412,570,43,2183,692,38,569,412,97,2015/11/09
321,671,795,167,98,4045,922,92,949,318,294,2015/10/07
524,9,368,357,73,2135,867,254,814,452,345,2016/04/17
152,907,410,943,76,4773,524,208,690,323,461,2015/05/18
695,397,187,945,5,3555,823,438,896,48,162,2015/08/15
825,927,77,146,22,1378,806,209,770,353,171,2018/08/04
383,532,46,988,101,2106,885,111,914,388,160,2016/10/29
877,792,86,182,67,4671,920,83,510,170,312,2017/06/05
831,324,682,621,44,2535,514,60,588,67,425,2018/01/28
868,197,611,839,6,4664,557,110,679,30,136,2016/06/02
806,861,505,310,25,3776,758,34,810,347,131,2017/11/23
479,890,385,871,71,3394,515,213,815,120,388,2016/09/08
858,711,22,79,73,1851,765,370,802,204,314,2018/05/19
315,956,111,75,72,3960,716,420,625,55,16,2015/05/02
695,392,610,725,82,1495,655,261,870,123,274,2016/03/21
391,302,282,717,53,4451,795,76,864,63,104,2018/08/20
166,230,978,26,97,1456,551,256,511,125,389,2017/06/09
403,64,551,27,40,3814,703,473,576,63,441,2015/11/07
766,377,109,479,19,2913,577,419,903,280,392,2018/08/03
607,419,40,883,72,2883,963,145,942,458,197,2017/04/06
244,850,337,209,21,2848,664,260,583,126,419,2016/09/13
336,14,600,305,11,2463,959,381,557,121,96,2015/03/06
487,885,607,427,60,1200,535,143,850,202,226,2015/03/26
930,412,609,411,43,1354,551,406,910,285,162,2016/11/19
229,649,305,4,62,3497,543,110,761,205,424,2017/01/27
736,729,559,444,99,2196,767,241,640,297,19,2016/02/25
909,904,179,419,17,4807,574,250,999,208,385,2018/06/06
879,340,138,167,86,4724,621,50,727,344,50,2015/09/01
255,158,58,123,31,2626,792,235,697,226,365,2015/01/02
313,762,933,150,14,4092,749,380,657,287,387,2016/05/10
925,871,202,204,9,4905,834,160,1000,349,182,2018/03/10
425,160,948,32,57,1955,673,244,638,93,456,2018/03/05
354,209,455,124,43,3558,620,93,796,395,384,2015/04/16
648,295,288,657,51,1609,786,486,976,32,426,2017/05/08
974,401,442,386,2,2943,510,275,868,444,236,2018/04/19
854,554,173,263,10,4291,515,155,781,270,245,2018/07/20
614,230,252,284,101,2478,613,293,675,193,92,2015/01/11
400,461,440,29,60,3420,877,46,659,245,315,2016/09/21
880,849,583,838,77,3676,847,74,739,433,304,2017/05/22
810,428,847,293,90,3630,813,475,580,26,4,2016/04/01
186,632,955,797,69,3475,748,356,694,58,446,2017/04/13
823,257,800,850,6,2499,883,454,795,232,25,2015/12/03
665,537,639,154,4,3009,904,490,623,388,130,2018/08/16
556,403,203,712,32,2998,857,209,964,468,204,2015/05/22
293,164,793,735,92,4602,593,499,668,385,437,2018/03/22
6,763,358,869,63,2656,882,51,667,343,471,2016/07/09
31,333,328,20,94,4018,955,206,584,15,445,2015/01/12
880,408,692,90,68,4587,504,208,545,53,142,2018/07/26
256,779,158,544,19,4156,787,466,643,223,130,2016/03/16
836,42,442,699,68,3942,854,287,669,370,22,2016/10/20
540,960,143,840,26,3890,746,421,656,322,175,2015/11/05
965,533,351,955,24,3082,642,401,960,484,273,2016/06/08
443,471,876,481,8,2859,994,331,880,336,425,2015/07/10
722,761,968,806,93,4504,905,184,660,405,28,2018/03/11
842,871,577,907,57,3238,592,230,712,304,242,2015/05/17
1,103,199,645,18,2320,632,56,924,150,496,2015/07/05
353,321,679,874,2,2735,623,215,730,6,428,2017/12/31
769,335,772,238,89,1759,808,272,522,286,229,2018/06/22
924,847,562,7,13,3847,994,276,690,199,135,2015/11/20
7,288,106,598,9,2831,882,372,816,407,10,2016/07/31
600,810,184,463,71,1837,944,93,541,35,60,2015/02/02
182,98,194,608,66,1087,840,165,608,460,57,2016/06/20
933,647,899,546,6,1025,620,310,551,382,346,2018/07/26
190,696,470,126,34,1053,876,157,950,367,267,2015/04/23
624,498,2,628,1,4731,644,365,824,199,330,2017/01/28
784,214,862,940,63,4124,677,6,851,374,356,2018/05/12
284,976,819,958,53,3491,830,167,862,170,418,2015/08/15
163,829,429,265,101,4302,591,23,588,4,319,2017/10/07
892,874,197,496,13,3710,682,34,894,208,131,2018/05/07
694,725,504,713,39,3583,504,133,593,331,309,2015/06/23
815,331,758,49,77,4343,918,61,955,237,321,2018/07/17
389,993,27,491,34,3086,605,326,902,186,485,2016/07/03
621,613,414,449,72,2800,843,59,912,280,164,2018/03/21
443,898,672,471,86,2077,640,92,868,357,265,2015/06/21
438,154,378,51,33,1144,894,320,695,133,444,2016/03/03
27,343,279,502,75,2800,939,332,570,70,386,2015/06/05
589,545,942,398,57,4905,514,357,558,431,344,2018/03/13
104,576,990,411,92,2372,684,315,555,40,353,2017/11/01
408,951,672,955,10,4867,535,346,941,143,66,2016/10/30
580,220,568,194,86,4816,635,397,727,194,327,2015/08/26
570,189,133,806,86,3039,773,463,950,164,348,2017/09/07
934,704,372,509,99,3938,804,500,518,128,141,2016/01/02
229,490,29,467,61,2560,827,374,957,112,76,2015/02/20
943,70,557,856,92,4221,541,21,782,239,401,2017/07/30
116,29,298,31,19,1844,579,332,838,417,319,2017/01/11
207,71,854,847,5,1464,631,37,657,231,485,2015/09/28
428,776,402,482,51,3412,875,108,595,459,437,2015/08/18
796,387,569,301,7,2713,724,9,574,248,64,2018/01/18
543,761,887,405,84,4833,960,142,709,9,323,2018/07/10
710,212,360,131,58,3499,846,338,614,10,114,2017/10/14
587,243,499,520,2,4085,715,333,553,22,300,2016/07/16
418,505,837,696,22,4684,602,365,830,412,170,2015/03/25
112,196,66,623,13,2875,606,409,802,342,50,2017/11/29
200,395,282,585,8,4242,656,407,773,400,165,2015/07/21
876,103,395,492,11,4598,696,234,939,402,434,2017/08/11
741,943,561,824,64,3350,856,376,858,314,416,2015/01/05
196,814,737,621,59,3697,641,141,603,87,63,2017/03/12
525,779,810,275,7,1500,979,362,538,296,459,2016/02/26
434,939,68,673,51,3936,899,155,561,363,471,2018/05/23
477,353,59,628,29,4341,642,68,505,390,460,2016/07/23
357,659,121,614,27,3854,806,267,795,30,130,2018/08/19
691,733,936,8,100,2180,578,47,765,52,144,2017/07/30
719,102,831,928,71,4043,597,298,862,342,422,2017/04/09
211,726,639,259,70,2813,657,26,703,191,303,2015/05/24
951,944,19,175,26,4916,807,341,612,330,96,2015/11/04
386,234,674,486,2,2199,866,467,877,442,207,2016/11/29
783,133,779,808,31,2400,680,240,978,417,465,2017/01/24
375,630,788,474,29,3448,760,250,520,252,495,2016/12/01
465,558,812,224,57,3285,527,320,847,268,107,2015/06/19
984,545,799,63,30,1118,620,257,558,187,58,2018/08/27
937,835,71,10,32,4373,632,379,632,277,413,2018/01/21
316,422,648,426,66,3375,767,50,859,498,328,2018/03/06
823,896,702,249,73,1217,860,225,598,492,228,2016/05/01
522,229,584,202,26,3588,683,451,954,164,177,2017/12/14
542,318,676,951,82,4400,728,346,560,10,275,2015/10/23
227,517,243,457,40,1682,989,382,578,237,114,2018/04/21
831,664,542,144,36,3685,622,11,675,411,318,2015/06/08
993,472,656,147,61,2259,723,345,967,442,335,2018/05/22
693,401,549,366,36,1314,520,314,539,302,417,2015/03/12
657,10,136,423,59,1321,655,412,623,96,377,2015/06/06
780,740,886,725,103,2548,641,14,930,366,484,2017/03/29
83,597,446,317,92,3225,966,495,931,328,126,2016/05/20
890,30,435,847,46,1369,899,192,925,60,462,2018/01/04
472,895,221,261,92,4139,600,441,541,5,176,2016/11/23
337,202,718,357,17,3643,911,411,911,337,205,2015/12/03
368,636,893,533,43,3445,588,40,970,150,182,2015/10/19
268,927,567,590,39,1497,565,30,593,23,124,2017/11/15
247,937,147,329,9,4318,945,70,711,122,236,2016/10/06
288,393,820,843,34,4271,860,286,766,418,53,2018/02/05
419,308,856,713,63,1478,635,351,607,306,159,2016/05/08
985,298,953,777,96,2130,602,259,821,459,22,2018/02/13
138,472,574,711,60,2001,574,60,894,25,108,2018/02/20
568,712,58,343,76,3068,976,304,937,183,217,2018/03/19
748,146,563,39,23,1478,691,310,944,317,37,2015/03/24
4,605,974,926,37,1045,618,123,633,380,118,2018/06/27
125,327,187,343,22,4248,623,53,558,102,303,2017/06/08
545,527,968,487,28,3407,996,460,702,261,415,2015/03/21
647,840,820,596,84,4025,769,255,934,297,85,2016/05/12
92,489,787,346,8,4225,533,254,703,330,70,2018/08/21
798,364,601,874,69,4660,685,50,681,168,58,2017/05/21
457,71,46,209,42,2817,851,369,545,406,450,2015/04/05
693,498,808,699,102,3938,531,144,742,346,66,2016/01/09
594,915,953,175,83,4012,528,35,827,58,322,2016/04/10
506,88,509,177,60,2529,603,399,561,482,114,2017/11/18
303,377,787,603,28,3509,521,392,653,422,72,2016/08/30
104,603,66,798,29,1616,915,7,553,286,108,2016/10/20
583,22,969,242,2,3090,962,333,985,294,102,2015/03/06
946,523,951,997,16,2002,777,431,580,407,7,2015/03/30
715,955,424,152,27,1328,932,284,723,269,147,2016/09/28
877,405,137,697,86,4873,625,260,966,493,383,2017/03/18
923,323,975,944,71,3600,757,198,922,339,55,2015/05/11
159,795,939,541,6,1368,946,471,627,251,170,2017/09/21
133,673,567,315,93,2683,756,423,576,342,36,2017/04/27
451,698,279,95,33,2245,799,367,651,124,165,2017/11/10
116,226,372,359,56,2686,990,57,968,142,51,2017/06/14
723,170,935,292,80,3425,714,73,946,395,315,2017/12/23
491,71,134,760,8,3236,911,198,874,258,76,2016/01/01
541,213,201,754,49,2706,616,35,795,140,204,2017/05/17
787,22,464,281,32,4596,988,340,689,178,246,2018/05/19
247,997,818,796,79,1786,644,17,561,78,461,2015/03/01
339,162,117,936,76,2168,867,176,892,173,164,2018/03/08
180,23,351,919,30,3325,768,422,859,404,462,2017/11/09
824,862,692,816,45,3758,597,206,671,238,122,2017/09/27
398,453,299,34,104,3435,753,100,686,66,80,2015/10/21
861,764,708,698,81,3487,500,98,789,39,330,2017/07/24
78,703,707,948,42,1243,625,392,866,218,131,2017/08/21
128,973,772,387,88,4806,963,296,616,268,149,2015/08/06
799,513,13,677,49,4272,541,203,741,323,384,2016/10/09
802,933,737,816,41,4671,538,68,849,245,339,2018/01/22
912,877,422,878,49,3134,506,419,572,344,431,2017/11/10
146,455,609,360,38,1500,628,189,637,341,148,2016/03/25
748,800,342,738,2,2184,558,191,503,131,330,2017/04/21
259,307,682,421,90,3007,811,446,709,127,15,2017/07/23
178,171,455,831,55,1675,554,333,909,94,464,2017/05/31
305,99,982,986,75,4094,859,380,538,140,45,2016/08/29
944,561,812,16,103,4988,578,41,738,384,165,2015/11/12
828,314,54,814,7,3110,593,360,616,455,315,2016/07/04
239,332,60,928,18,2569,550,427,900,454,410,2017/11/26
163,379,908,591,89,2033,880,21,837,438,10,2015/03/15
151,132,453,273,40,2271,767,478,705,309,272,2017/03/24
109,809,549,780,23,4082,931,432,755,30,399,2018/08/10
294,866,463,574,59,2492,612,62,586,184,266,2016/03/01
842,33,455,48,102,3832,911,121,656,10,139,2018/07/01
262,814,778,149,43,3882,749,282,977,406,370,2017/06/16
498,894,924,270,79,4302,751,293,584,351,397,2017/09/05
872,435,531,98,7,1969,575,25,578,244,128,2018/04/18
3,113,978,226,38,4398,562,224,698,244,278,2016/05/04
973,533,739,793,63,3515,976,448,590,47,19,2016/06/07
488,761,572,212,66,3209,733,97,627,473,401,2015/08/15
758,65,437,903,65,2594,944,447,827,270,387,2018/05/29
469,790,995,738,83,2324,756,307,533,368,468,2016/07/21
641,813,552,101,14,1578,911,351,905,120,500,2016/07/03
149,641,509,588,14,3377,556,256,689,76,103,2015/09/05
221,188,75,847,62,2902,709,347,725,112,84,2016/01/05
545,689,795,539,47,4683,704,397,978,39,221,2015/06/22
745,867,134,478,42,1903,925,217,591,473,15,2018/05/03
21,239,854,931,90,1056,587,193,967,24,196,2018/03/30
94,22,991,500,54,2033,547,390,901,123,16,2015/12/28
118,31,74,736,62,4016,981,9,879,454,444,2018/06/19
685,123,339,876,1,2140,567,425,788,469,145,2015/03/27
332,937,93,608,39,1272,623,225,780,242,5,2016/05/20
783,947,934,715,103,2249,651,90,567,319,240,2015/06/17
77,481,260,786,34,2192,938,448,976,264,453,2015/09/28
675,814,818,977,10,3881,519,456,995,102,230,2015/05/27
450,459,490,416,46,3779,641,116,625,409,24,2017/03/23
839,570,762,461,43,3101,673,91,820,340,212,2017/03/05
929,94,675,566,38,1849,730,437,968,494,372,2018/09/11
569,242,275,942,24,2848,951,332,741,113,47,2017/05/04
865,393,67,908,6,4942,872,426,719,300,341,2016/06/04
877,355,724,678,74,3745,634,83,505,138,390,2015/06/01
471,161,76,385,97,2408,774,395,687,189,302,2018/02/20
746,990,56,168,67,4060,745,333,989,140,20,2017/10/05
612,254,690,695,71,1702,551,273,818,492,154,2016/03/16
294,616,17,225,94,3077,720,239,705,92,224,2015/09/01
158,367,927,953,99,3928,971,153,569,431,494,2018/04/03
636,872,251,851,27,1115,987,415,501,103,291,2015/05/02
919,140,819,644,22,4509,876,214,824,366,256,2016/03/23
699,890,612,768,71,1212,562,49,878,295,204,2018/08/12
297,818,415,927,34,1351,640,385,847,192,192,2018/07/22
654,861,621,296,78,3442,763,473,590,230,310,2015/09/10
537,453,983,856,33,3424,663,436,669,276,142,2017/09/03
428,792,857,56,92,4378,900,207,767,103,229,2016/12/08
495,718,211,807,21,1237,838,183,569,475,23,2018/02/12
468,778,232,687,61,1826,925,480,991,437,183,2015/01/14
537,452,483,235,87,1845,631,214,811,335,149,2015/06/16
16,454,46,346,65,4135,927,88,945,97,471,2016/12/12
429,115,111,410,85,3346,752,470,991,153,201,2015/06/08
486,396,609,97,55,3102,832,142,712,18,457,2016/04/13
750,933,27,628,62,1320,765,424,694,24,442,2016/09/18
507,708,445,236,42,2989,830,488,551,95,316,2018/05/21
971,268,482,346,83,4509,560,488,588,215,10,2018/02/23
778,293,105,24,39,3910,603,193,928,366,429,2015/11/02
896,599,960,189,42,1579,793,98,738,450,9,2016/12/14
836,724,704,652,21,3679,822,2,692,403,491,2017/01/26
48,385,241,664,20,2965,793,141,788,496,203,2015/11/03
312,453,919,290,51,2036,684,208,538,102,269,2016/09/26
279,183,7,255,18,4291,932,225,686,48,138,2016/07/31
535,420,48,449,53,3664,577,280,649,350,401,2017/05/01
600,996,804,803,13,4268,677,29,501,39,392,2017/07/04
822,723,302,711,79,2738,656,40,925,140,223,2015/02/19
834,374,53,201,35,4370,879,349,946,339,111,2017/11/20
873,428,905,97,99,1810,888,250,511,99,266,2018/07/25
881,2,886,136,47,3387,670,244,562,248,143,2017/04/01
101,470,472,907,45,2974,904,12,633,140,206,2016/11/10
755,488,53,149,41,3472,763,197,875,198,99,2016/08/03
40,161,741,92,5,4696,677,349,824,172,354,2017/07/31
170,556,157,634,87,2299,608,145,737,329,420,2016/11/19
893,153,219,15,72,2325,515,467,873,273,199,2017/06/21
598,179,869,194,6,3495,560,231,697,455,188,2017/03/22
763,107,914,283,75,4147,824,145,938,75,140,2015/10/09
908,458,202,923,65,2201,660,318,873,426,214,2017/08/23
747,90,548,500,26,1990,808,258,859,85,141,2015/11/16
130,432,831,512,26,4865,830,77,810,83,32,2015/01/10
891,856,139,900,26,4765,821,281,906,334,358,2017/11/11
36,644,416,323,20,3722,755,434,610,5,367,2017/12/16
935,508,757,46,37,4877,673,436,632,414,243,2017/04/13
134,289,481,711,2,3478,576,140,601,479,3,2018/02/25
21,277,785,643,104,3603,557,338,798,17,266,2016/04/20
880,376,173,4,73,2403,832,61,711,64,53,2017/10/07
854,620,787,394,50,3214,584,202,785,264,422,2018/05/28
470,596,803,251,89,3530,526,124,765,144,88,2016/11/08
121,851,649,413,45,2688,790,497,516,261,395,2016/02/11
815,116,809,429,85,1493,949,256,951,438,128,2016/06/16
530,862,375,111,60,4180,762,385,844,80,60,2016/03/13
346,134,87,92,90,4494,585,31,916,38,116,2015/01/20
655,71,222,874,87,3526,672,124,616,242,215,2016/07/14
552,293,243,848,48,2339,653,212,956,163,440,2018/03/23
565,294,680,875,69,2245,506,205,859,287,212,2018/01/01
911,714,200,884,98,3282,512,432,544,104,48,2018/06/07
617,145,779,287,76,3171,670,215,500,343,214,2017/06/29
932,692,620,27,63,2388,532,362,973,62,429,2016/07/16
902,632,101,120,74,3044,992,370,925,172,23,2015/04/03
462,698,574,260,34,3519,808,433,587,412,14,2016/04/18
893,408,550,375,3,2531,741,148,518,447,377,2016/03/20
248,840,27,550,90,1313,930,307,658,362,388,2018/02/10
945,683,198,816,54,1436,631,61,713,292,470,2015/03/22
398,147,189,812,20,3978,893,316,722,181,407,2018/05/01
966,547,922,353,88,3240,576,43,911,436,303,2018/04/29
863,781,438,281,64,4527,820,228,599,352,346,2016/02/20
542,248,588,305,46,2484,915,17,761,476,499,2015/09/10
494,597,890,217,19,4850,789,118,644,296,375,2016/05/23
264,704,904,416,42,4829,953,309,928,176,71,2018/08/13
747,491,651,206,70,2505,543,381,672,120,176,2016/09/10
127,335,414,76,22,1796,594,265,508,188,281,2018/02/05
969,262,654,778,79,2746,746,75,691,219,417,2016/05/29
772,136,404,983,28,3647,807,161,913,316,347,2017/12/14
938,589,697,202,31,2213,541,152,558,11,143,2017/01/24
545,151,722,835,83,2558,970,482,733,251,245,2015/11/06
617,931,725,235,86,3201,688,331,759,47,312,2015/12/14
424,389,685,862,3,3751,937,54,626,143,27,2017/08/27
637,305,921,728,56,2423,859,9,635,121,271,2015/04/12
350,625,242,12,33,4203,950,102,823,411,42,2015/12/09
867,1000,806,892,30,1334,651,371,825,293,90,2015/11/18
250,488,39,980,16,1488,636,342,796,294,202,2018/08/11
899,260,198,977,36,2920,646,480,639,286,259,2018/02/11
129,202,132,217,33,1224,838,273,961,14,248,2015/07/08
856,48,266,651,71,2691,576,146,560,15,99,2018/08/01
597,476,135,127,38,2322,862,255,994,436,110,2018/01/24
253,164,602,439,96,4697,902,30,862,92,313,2017/04/09
817,996,220,870,70,2790,964,441,592,128,222,2015/10/10
973,904,357,47,28,3833,973,177,911,157,234,2018/01/13
565,490,814,46,28,2540,986,176,539,101,235,2016/03/03
718,116,986,162,44,3292,816,89,777,7,379,2016/08/16
291,969,811,953,58,2277,639,43,617,315,69,2015/11/08
69,931,542,491,53,3015,959,421,802,109,225,2016/05/19
794,718,841,174,65,3454,947,406,564,320,74,2016/12/13
843,654,942,619,21,3104,1000,92,910,25,422,2018/04/14
382,303,314,655,50,4012,894,488,537,453,136,2018/07/30
118,561,836,827,43,4953,842,221,981,499,235,2018/01/27
157,741,240,38,18,2137,833,309,507,411,127,2015/03/09
271,239,695,664,33,3982,828,159,871,316,210,2017/12/13
781,955,854,815,46,3377,974,481,619,272,113,2018/04/23
269,554,780,342,59,1214,738,355,627,282,397,2015/11/16
994,19,692,307,31,3715,625,174,888,499,286,2018/03/15
71,764,517,922,8,2259,619,387,590,239,281,2018/03/28
842,673,705,267,14,1505,991,349,513,120,344,2015/12/24
199,961,54,745,22,4124,948,315,841,137,129,2015/11/09
123,172,102,763,45,3506,514,302,564,444,192,2015/11/29
824,870,77,678,80,1885,792,459,628,240,110,2018/01/25
624,216,986,321,102,3058,574,445,773,487,301,2017/06/22
244,416,440,998,92,1593,818,223,542,220,116,2016/11/19
380,490,926,262,60,2457,905,422,905,180,278,2017/08/22
755,228,858,240,52,1112,606,90,715,371,370,2015/07/27
918,530,128,562,17,2689,775,481,883,262,413,2015/12/06
430,751,885,831,60,2066,765,80,638,238,32,2015/03/02
410,914,381,871,102,4267,945,283,924,195,37,2016/09/14
173,421,329,690,14,2403,991,341,861,11,107,2015/08/01
688,752,676,305,39,1267,588,407,587,90,256,2016/03/31
728,177,851,483,35,1237,753,432,515,160,104,2018/04/18
976,214,552,117,28,3785,656,420,752,424,298,2017/08/17
452,645,512,335,63,3472,781,151,702,33,374,2018/09/02
617,404,141,259,68,1827,793,215,563,224,275,2017/12/01
17,223,744,166,26,4165,583,374,785,199,343,2017/08/01
56,174,891,16,71,1790,741,114,502,169,196,2017/04/02
944,467,815,647,51,3347,556,242,780,124,460,2018/09/05
480,845,443,952,7,1117,714,192,648,110,294,2018/03/18
455,259,228,440,15,1424,539,225,801,463,313,2018/04/04
6,837,386,524,2,2832,796,396,821,209,247,2016/11/02
406,274,80,314,11,2140,805,218,501,31,367,2017/07/27
428,762,837,503,6,3061,706,441,684,189,251,2016/06/10
365,83,238,778,50,4297,904,330,764,246,227,2016/09/29
101,690,455,854,86,1961,630,470,914,197,213,2015/06/15
280,944,901,966,1,4983,910,292,938,58,403,2015/04/16
245,867,207,107,28,1829,743,466,826,363,141,2017/09/08
783,890,809,216,48,4534,706,104,682,258,188,2015/05/02
51,693,256,430,98,4494,534,164,809,303,203,2016/07/25
320,509,456,857,46,3758,977,102,598,190,128,2017/02/11
764,86,949,120,54,2632,603,230,954,305,236,2017/07/05
600,943,43,97,59,2377,992,100,872,413,21,2017/03/25
692,406,751,558,79,2065,711,328,671,408,410,2016/05/15
685,263,901,509,104,2114,606,256,810,260,191,2015/05/18
762,613,783,703,80,2486,567,112,591,170,25,2017/03/31
706,30,83,300,83,2370,837,112,967,409,132,2015/08/01
721,166,952,13,66,2718,840,288,573,91,132,2015/10/05
345,851,266,148,68,4825,817,480,892,197,23,2017/11/18
82,470,896,447,5,2084,743,451,951,442,148,2015/03/05
576,468,444,410,45,2059,979,290,719,39,227,2017/08/19
412,254,888,839,93,2436,531,458,618,294,100,2017/01/23
278,316,48,666,52,2403,728,168,830,305,301,2015/08/13
702,477,144,774,72,4298,972,205,692,67,149,2017/08/22
469,347,915,23,73,2264,619,92,988,95,488,2016/08/09
170,676,333,218,88,3881,933,283,641,253,253,2016/08/16
467,451,786,192,103,3933,803,379,1000,328,177,2017/08/18
723,246,967,407,77,3173,682,111,568,184,496,2018/07/25
714,756,726,603,37,1874,925,188,708,247,229,2016/01/16
783,73,649,339,52,1798,959,445,732,498,61,2017/07/23
697,213,293,767,28,1007,907,313,925,242,144,2017/01/23
757,294,913,500,48,2412,825,86,869,441,196,2015/10/07
507,956,116,857,15,3003,635,134,955,429,118,2015/08/11
175,577,601,603,77,2374,573,446,591,76,150,2016/12/18
884,648,694,778,19,4360,706,307,951,121,285,2016/07/24
990,201,683,493,77,1549,769,330,853,133,457,2015/05/12
749,254,56,720,48,3892,785,49,694,357,223,2015/04/01
405,363,881,208,53,3545,692,402,824,221,277,2016/12/06
1000,32,377,84,59,2493,658,126,642,408,215,2018/03/25
507,279,879,550,86,3309,805,406,548,53,486,2017/04/28
505,433,359,529,40,1914,500,173,955,472,282,2015/01/09
946,747,13,695,96,1932,603,92,764,190,73,2015/12/22
346,156,334,639,23,2870,704,463,760,480,168,2016/12/28
869,419,646,942,55,4621,644,315,664,210,422,2015/06/17
598,604,872,631,40,1709,663,2,875,385,59,2018/03/30
29,40,503,322,36,2453,736,286,645,198,486,2017/07/10
373,854,571,283,84,3276,628,495,556,342,431,2016/01/24
429,871,306,187,2,4998,618,427,949,449,196,2015/09/11
88,908,46,809,3,1897,719,84,902,287,18,2018/03/10
877,848,715,339,80,1739,993,205,654,340,121,2018/03/15
281,490,178,588,5,2139,564,99,509,138,351,2017/08/23
106,630,346,75,92,4653,919,481,608,400,205,2015/11/29
382,782,779,222,57,1282,713,466,963,495,497,2015/12/08
18,366,331,573,64,2493,738,251,979,119,305,2015/08/03
564,504,292,487,60,3526,776,479,558,312,296,2016/10/19
26,839,121,487,87,1725,628,103,690,392,29,2018/06/14
681,10,811,330,101,4711,826,269,931,203,88,2015/03/06
570,708,339,27,67,4040,939,36,525,268,52,2017/12/24
487,536,185,109,93,1112,854,386,782,1,405,2017/04/19
463,218,54,496,70,3144,696,196,576,348,203,2015/07/29
167,479,172,407,73,1399,687,402,651,192,102,2018/08/10
609,498,69,626,85,4181,877,133,602,429,405,2018/05/04
639,223,974,72,51,1623,757,75,793,92,65,2015/12/07
422,100,531,576,48,4742,874,116,664,115,284,2018/07/28
152,523,898,414,48,2398,902,348,789,346,361,2017/01/16
303,226,433,620,62,3865,797,266,717,373,369,2017/06/06
356,687,992,298,8,3989,663,211,562,381,82,2016/05/16
822,297,739,725,7,3235,625,415,547,445,422,2015/03/16
323,857,447,211,50,3408,937,25,875,305,318,2016/11/17
477,559,680,915,1,3880,741,298,800,452,5,2016/12/27
870,705,288,554,11,2219,629,264,846,93,131,2017/07/07
294,300,895,833,69,2396,724,496,589,254,147,2018/02/23
806,696,823,141,74,1956,775,43,575,375,162,2016/09/29
326,567,520,217,46,4019,933,436,997,477,230,2015/12/20
76,682,157,987,48,3468,501,308,893,452,336,2016/05/06
421,876,865,561,65,3478,964,288,944,315,279,2017/03/19
187,366,561,93,24,4481,685,480,762,386,129,2015/08/06
198,654,730,786,81,3662,843,284,710,259,495,2015/12/01
415,650,671,417,77,2467,617,11,691,271,373,2017/03/27
280,845,729,221,82,4492,767,417,672,452,10,2015/05/03
606,603,594,839,24,3090,671,482,950,403,423,2015/04/10
753,915,617,874,56,1652,670,114,951,47,39,2015/06/03
435,68,161,547,48,1463,850,316,580,217,347,2017/04/16
376,903,149,127,87,2701,861,172,637,441,207,2018/05/28
352,233,624,398,39,3530,626,208,750,14,43,2018/08/20
604,299,110,545,60,4264,850,157,636,7,493,2018/06/29
123,933,647,707,80,1686,825,454,645,24,436,2017/12/19
632,470,804,568,1,2635,673,118,707,146,489,2016/04/30
679,138,113,980,50,3422,918,209,840,405,441,2017/04/10
420,170,445,627,86,4506,754,105,818,2,141,2016/05/21
579,712,752,241,64,4738,888,195,917,61,207,2016/02/17
205,13,806,685,98,4080,738,417,999,435,378,2016/02/08
82,353,182,365,43,4622,896,56,720,18,337,2017/09/08
377,762,722,191,2,3961,886,247,810,145,253,2017/04/18
608,554,466,769,78,1830,618,282,815,38,53,2017/03/22
611,16,610,997,64,2466,676,271,894,90,172,2017/11/01
894,221,162,790,98,4403,970,451,1000,407,59,2016/12/26
36,946,23,36,93,3156,843,171,573,223,181,2017/01/13
597,384,72,368,13,3832,523,145,915,385,342,2016/09/14
978,395,413,683,65,1379,974,270,673,387,448,2016/07/14
699,573,358,630,12,4133,864,118,943,272,50,2016/03/30
214,430,523,745,32,4051,956,153,587,98,469,2015/04/17
774,962,376,56,73,3563,844,48,828,257,94,2016/04/11
267,860,598,580,100,1077,526,420,781,268,437,2016/02/15
76,621,499,73,67,4321,701,324,965,14,481,2016/09/08
141,633,964,218,65,4861,898,445,899,67,53,2016/05/08
918,600,769,883,10,4500,869,339,831,483,307,2016/04/05
466,763,274,155,77,1129,744,355,668,328,452,2017/03/16
861,502,903,902,20,3815,887,298,595,173,480,2016/05/31
86,272,495,659,80,2179,530,290,832,262,203,2015/07/08
199,59,784,939,17,4051,947,211,527,489,498,2015/05/28
178,413,625,383,41,2166,971,128,679,141,327,2015/06/11
286,835,469,277,37,1164,649,317,629,383,429,2017/04/21
592,717,11,780,22,3580,526,287,703,4,209,2015/11/12
468,249,166,485,70,2932,694,471,857,24,316,2018/02/22
182,930,950,909,52,3039,702,301,769,311,427,2018/03/03
197,349,959,898,22,4989,744,203,638,169,146,2017/04/12
624,704,471,377,3,2404,962,496,627,315,89,2016/08/09
888,557,681,407,40,4593,577,363,856,443,386,2018/07/04
340,461,774,514,57,2785,665,81,735,264,364,2018/02/08
746,6,556,130,6,4054,938,281,806,166,447,2015/06/02
30,899,761,301,20,1640,944,84,588,431,343,2017/06/24
618,3,964,403,31,3064,842,396,818,305,335,2016/10/13
444,919,158,943,71,3161,522,436,623,149,366,2017/04/18
40,124,101,576,33,2976,843,253,642,156,267,2018/07/13
128,815,275,768,71,2032,903,172,500,197,337,2016/12/24
481,764,581,224,63,4597,699,396,919,185,253,2017/03/29
481,378,787,384,103,2436,760,99,635,493,420,2017/02/11
810,318,753,724,7,4151,648,142,832,154,263,2016/11/23
402,294,13,368,45,3059,813,113,502,354,481,2015/03/09
868,268,30,786,17,1226,823,50,929,179,76,2015/09/04
927,613,123,611,53,3989,794,122,937,421,308,2016/06/04
30,931,512,634,59,1008,651,283,996,215,445,2015/08/10
383,267,945,347,63,3703,775,128,820,170,223,2017/11/10
65,303,82,457,94,1915,891,20,635,353,169,2016/11/18
12,525,332,152,76,2860,506,396,604,249,393,2015/12/31
183,374,832,285,22,3811,623,111,862,193,273,2018/04/23
193,466,293,530,6,1085,806,246,532,290,395,2017/07/11
141,660,940,758,45,3823,698,497,522,72,287,2016/08/06
219,797,536,872,65,2828,810,320,920,295,163,2016/02/06
24,458,291,314,6,1804,674,305,938,321,40,2018/05/01
946,461,223,810,56,1399,607,377,870,257,201,2017/08/21
219,468,174,7,54,4097,696,345,713,306,119,2016/04/18
708,898,871,48,29,4989,743,307,843,255,408,2018/07/17
679,327,767,672,104,3231,704,441,680,388,315,2017/08/01
465,627,928,642,20,4378,712,17,523,139,376,2016/07/03
683,976,592,759,33,4263,583,329,961,325,70,2016/10/15
198,444,484,579,36,2863,765,53,866,227,80,2018/08/29
158,754,484,243,19,4524,733,483,789,242,300,2017/03/26
933,373,878,295,14,4568,582,433,526,335,22,2017/07/07
682,1,713,190,48,3649,730,255,801,37,199,2016/03/03
541,9,637,897,74,4558,524,496,509,217,50,2018/04/20
353,253,212,983,89,1481,745,147,516,465,38,2017/08/01
366,357,438,885,33,2614,979,84,836,163,450,2017/04/11
746,184,326,299,23,3334,798,8,979,180,238,2015/01/10
606,888,261,353,70,1737,942,500,653,332,473,2016/03/11
846,517,986,867,14,4655,792,238,822,299,469,2017/10/16
46,376,658,609,93,1964,821,249,779,189,391,2016/08/20
509,869,234,485,8,2822,932,257,778,451,478,2015/08/02
527,372,752,394,48,3692,758,4,730,349,290,2017/08/22
740,175,414,659,88,2837,904,483,996,256,381,2015/08/09
306,645,683,422,89,4738,554,380,968,234,209,2018/05/05
38,106,446,575,72,1330,979,77,742,476,350,2015/06/01
611,232,681,959,18,2859,534,184,999,181,44,2018/06/18
542,329,394,338,10,1010,661,218,846,378,28,2016/11/07
848,832,582,62,41,2970,865,187,845,275,261,2015/05/02
851,480,943,263,30,4995,645,392,855,387,140,2017/04/02
512,401,56,334,22,2787,866,431,588,484,295,2018/08/30
103,432,18,671,80,1992,748,438,690,378,327,2018/02/21
652,342,519,574,57,2039,952,247,570,76,487,2015/09/25
289,754,624,89,92,3865,607,333,667,27,356,2015/05/29
582,448,686,672,54,2237,967,336,503,284,289,2017/12/01
161,648,798,759,39,2397,963,101,743,279,283,2016/01/31
482,392,189,353,59,2686,788,85,674,228,407,2018/09/07
556,887,837,391,61,3022,819,169,712,291,217,2015/03/24
715,816,594,704,58,1532,822,49,744,101,465,2017/03/02
700,773,348,999,27,1300,669,218,949,281,155,2016/01/19
486,575,649,114,82,2418,855,406,686,3,432,2016/12/29
191,212,183,842,79,3746,910,257,553,93,214,2015/04/02
961,71,852,469,42,4028,603,458,544,106,446,2017/04/07
301,393,376,951,11,4117,549,400,582,363,43,2018/08/29
38,593,174,544,81,4884,850,368,538,415,263,2017/08/24
423,105,514,189,40,1668,835,155,529,30,367,2016/06/25
801,682,500,790,4,1443,795,457,522,37,200,2016/09/25
515,785,834,722,102,2142,783,4,746,277,279,2016/08/30
301,143,706,276,68,4072,598,208,842,397,16,2017/04/22
34,236,305,9,23,2875,892,1,685,265,327,2018/05/26
724,495,470,51,25,3292,506,352,907,398,84,2015/04/28
186,974,152,1000,103,2654,521,76,751,344,141,2015/01/16
529,953,819,793,40,4706,954,400,581,374,320,2017/06/04
277,642,682,954,38,3549,671,122,867,99,284,2016/06/28
521,500,180,128,71,2128,795,209,974,323,345,2017/06/17
931,400,715,820,79,4207,692,408,887,291,489,2015/01/31
225,596,648,60,8,1924,519,199,879,484,347,2016/06/12
149,661,17,553,27,3369,714,260,868,53,382,2016/02/20
333,912,480,844,98,4764,820,244,848,410,119,2015/03/07
811,996,834,37,17,1086,997,383,517,55,293,2018/04/10
227,359,713,154,49,4310,945,247,701,136,256,2015/04/12
568,789,1,4,78,3029,920,404,873,266,112,2016/04/08
930,624,892,385,69,2774,632,437,957,14,386,2016/01/21
675,178,929,291,44,3006,564,309,658,349,71,2017/12/02
387,463,926,953,84,3291,556,426,627,388,425,2016/01/15
613,309,425,712,25,2598,594,496,885,213,27,2018/07/19
511,575,808,684,46,3914,974,417,662,147,295,2016/12/30
391,711,796,315,81,3362,866,27,957,215,357,2018/06/28
850,70,374,282,71,3042,826,166,738,464,9,2016/04/30
956,775,426,687,80,3137,810,218,617,23,6,2015/09/26
712,543,498,28,71,4786,959,462,714,194,333,2015/04/16
607,16,132,876,50,4922,566,288,522,245,352,2015/10/07
264,765,211,107,1,2824,583,266,714,498,301,2016/12/17
669,744,512,737,69,4682,573,124,620,225,77,2015/02/17
917,670,970,514,56,4889,838,115,771,192,2,2018/04/08
304,62,267,354,101,2496,809,252,665,65,371,2017/10/31
324,843,238,245,92,4496,866,443,874,149,319,2017/02/18
918,511,651,794,33,1177,558,97,504,97,414,2016/06/02
921,916,434,752,55,2893,855,363,552,233,164,2015/03/23
727,429,953,989,3,3573,965,165,656,188,90,2015/07/08
498,141,18,189,12,3948,542,407,986,241,269,2016/11/29
588,431,201,932,47,4775,812,268,526,201,100,2015/08/23
729,789,150,801,79,1931,777,207,652,156,194,2015/05/19
7,232,55,364,62,2154,966,126,711,401,220,2017/12/09
718,682,92,987,21,4010,609,219,867,460,383,2017/07/02
435,640,632,30,52,1517,589,304,867,182,433,2015/03/23
987,415,309,418,12,2906,934,280,565,397,374,2018/08/20
102,194,403,201,73,1246,981,217,985,26,152,2015/07/31
472,675,53,293,3,1839,725,19,985,464,45,2018/01/12
200,257,983,105,33,3947,924,196,562,198,4,2017/12/19
427,578,44,352,41,1603,692,430,693,385,82,2016/02/04
82,801,473,740,93,4695,815,136,828,276,466,2015/01/13
641,445,875,403,66,4349,769,393,930,407,469,2018/03/06
445,893,586,14,10,4853,935,294,893,75,376,2018/01/06
599,52,936,86,61,3739,940,305,543,489,56,2017/02/09
95,182,173,609,77,3482,680,155,585,373,475,2018/06/27
867,711,38,867,21,3475,825,226,541,209,241,2017/05/01
956,175,701,400,40,1125,976,453,704,33,335,2017/04/09
460,95,882,143,97,4248,976,281,663,362,216,2015/05/13
279,186,62,183,8,4850,730,58,612,264,327,2015/03/09
804,372,500,616,56,1583,655,249,551,419,101,2016/09/16
756,411,856,669,81,2330,590,295,534,490,214,2017/08/13
946,430,228,405,45,1076,981,275,569,30,34,2016/01/30
829,875,3,973,28,4352,756,74,832,361,96,2018/01/25
933,15,62,671,55,3990,811,269,976,339,82,2017/06/21
168,485,370,635,102,1454,642,201,584,345,482,2016/12/26
704,577,239,589,32,2461,519,349,826,246,415,2018/01/25
717,411,959,405,77,1986,773,44,896,262,151,2018/05/26
245,916,344,827,16,4505,569,303,569,459,487,2016/03/02
316,283,392,887,63,4052,812,381,771,425,485,2016/09/20
577,765,707,495,18,1926,938,2,790,217,72,2015/08/27
289,405,623,366,65,1207,570,215,908,61,296,2015/07/05
934,650,676,422,18,3895,762,286,703,223,270,2018/03/04
181,820,775,647,7,4426,777,189,557,72,100,2016/11/20
335,774,545,459,32,2785,725,107,713,110,322,2017/04/01
766,140,607,217,13,2092,589,77,501,167,13,2016/03/07
910,209,724,389,45,3242,746,284,980,480,95,2015/03/01
46,543,259,887,61,4779,895,156,705,346,283,2015/05/30
724,598,647,588,19,4582,797,489,999,494,476,2015/10/10
387,633,221,316,8,2475,665,421,540,436,79,2015/12/21
377,935,706,534,83,1600,911,40,838,429,14,2017/05/13
429,260,943,487,63,1194,958,451,807,239,82,2015/01/10
227,545,317,434,35,4046,627,166,898,174,353,2018/04/17
65,407,731,401,90,4465,790,288,568,94,344,2017/11/21
24,571,327,715,104,1369,905,484,531,83,318,2016/09/23
448,404,127,633,74,1895,584,108,810,114,416,2017/11/21
333,902,340,643,4,3425,552,385,805,446,234,2016/12/13
695,536,403,24,59,4437,845,271,753,234,488,2018/02/16
292,433,525,177,11,3090,665,126,662,5,81,2017/04/25
900,165,292,741,46,2686,517,400,558,310,187,2015/03/13
47,467,581,879,61,2690,824,297,566,243,305,2017/01/26
572,922,501,111,52,3987,671,272,565,215,399,2016/07/07
929,566,705,85,3,4265,632,153,807,209,93,2017/12/01
42,707,658,340,81,1957,751,437,936,480,335,2018/03/07
43,463,80,113,68,1430,828,137,706,236,325,2017/10/07
469,508,107,463,6,4728,656,339,731,197,399,2016/11/20
705,918,617,35,91,3183,923,324,660,273,411,2017/05/06
764,810,783,937,21,4952,529,404,515,413,1,2017/04/17
655,493,39,562,57,1998,588,103,660,318,353,2017/07/16
212,82,5,629,48,1645,629,126,526,48,370,2017/12/29
411,261,36,123,26,3010,760,267,583,48,115,2016/03/03
248,606,45,552,59,3061,781,379,665,336,496,2015/04/23
570,333,444,361,15,3996,506,30,503,341,171,2018/05/11
549,313,292,113,6,2193,897,19,604,341,264,2018/05/31
185,338,291,868,102,1525,517,359,723,5,426,2015/10/06
650,427,162,201,23,4899,972,78,624,428,449,2016/09/04
245,955,72,925,18,1349,640,125,919,210,235,2017/05/03
542,132,743,455,81,1429,590,461,666,101,167,2016/11/27
749,707,159,875,18,4327,951,449,784,126,404,2017/08/14
913,853,954,250,5,4987,856,403,770,495,329,2018/04/10
180,264,245,697,51,1084,909,157,628,401,489,2018/02/14
966,858,694,889,7,4226,843,199,967,497,274,2016/12/10
763,699,40,926,81,3322,603,442,913,499,151,2017/02/04
737,609,783,72,58,3011,862,28,539,46,163,2015/10/28
639,417,908,662,91,1277,521,394,686,81,452,2015/10/26
444,903,154,645,55,4596,757,1,518,494,12,2016/05/05
89,461,858,332,68,4316,909,421,860,340,331,2018/08/22
228,652,920,756,91,4057,881,91,987,84,270,2016/05/26
951,386,930,325,101,3200,773,138,514,176,362,2016/06/03
32,338,869,731,86,3584,744,183,637,102,386,2017/01/12
966,555,508,729,28,4925,564,107,581,343,137,2017/03/10
391,406,914,342,26,4995,874,395,989,128,408,2016/02/01
975,899,303,202,27,2760,922,44,955,188,409,2017/02/19
67,527,498,274,98,3180,991,478,877,70,277,2017/11/21
612,90,174,920,96,1524,511,322,824,78,340,2017/12/04
661,675,86,952,51,4714,841,98,613,45,8,2015/02/01
236,21,430,569,11,2580,806,463,929,235,324,2017/04/05
462,153,71,122,54,2868,947,187,576,360,487,2015/09/14
152,686,424,57,89,2088,589,10,518,317,477,2016/03/09
718,616,548,270,73,1296,545,183,958,204,215,2017/04/11
391,405,540,458,1,3410,989,321,718,207,214,2018/05/18
431,640,529,646,102,2173,803,418,510,425,172,2015/03/15
206,864,703,446,85,4033,906,77,775,165,12,2015/03/10
445,135,215,718,97,2079,807,213,972,339,51,2016/10/13
492,937,762,565,53,3900,1000,413,692,360,494,2016/08/05
762,395,249,422,9,2326,705,101,881,54,78,2018/04/19
188,974,17,740,88,2123,642,210,680,41,116,2016/03/16
571,216,659,940,32,2491,709,398,856,258,89,2017/02/15
965,108,141,356,102,1800,582,242,920,380,140,2015/10/26
324,405,111,775,69,4979,524,4,674,385,399,2018/07/31
692,88,145,47,97,1289,714,89,644,379,88,2016/09/07
551,198,275,403,51,3128,800,324,613,118,275,2016/11/01
869,355,344,375,80,4556,599,391,610,299,384,2017/12/08
788,203,229,367,83,2082,877,362,607,30,377,2018/04/21
666,505,486,630,12,4307,649,27,867,185,14,2016/10/04
388,519,801,881,56,4639,505,458,817,269,315,2017/01/27
738,252,572,276,98,1122,864,163,660,37,341,2016/08/29
420,222,444,95,8,4649,670,405,669,118,162,2017/05/25
329,17,892,859,83,2081,836,307,524,399,462,2017/10/20
187,135,567,518,102,1889,731,134,831,221,495,2018/04/21
21,136,572,171,52,3000,829,447,633,280,200,2018/04/05
811,134,916,974,84,1706,736,490,899,347,206,2018/05/19
873,39,214,312,11,3817,743,1,927,40,434,2016/04/25
260,207,444,885,80,1283,675,378,706,219,237,2016/02/04
70,617,299,425,85,4276,867,174,608,46,237,2015/02/07
912,539,260,860,45,2597,527,161,986,51,445,2017/05/20
957,807,436,326,6,1489,980,77,521,5,430,2016/04/12
936,248,718,801,52,4982,612,497,505,468,446,2017/11/23
135,420,687,823,41,4818,770,203,799,500,53,2016/10/13
22,606,76,795,14,3801,721,98,746,57,414,2018/05/10
416,207,762,490,36,1020,923,203,961,166,213,2018/08/07
392,774,254,85,73,2515,842,248,751,392,17,2015/09/24
528,53,569,499,68,2025,989,153,938,143,76,2018/03/26
474,557,285,779,22,3264,620,319,818,229,174,2016/12/13
127,411,142,46,56,1569,899,443,792,327,22,2017/07/05
606,238,747,478,42,3641,763,83,984,301,203,2018/06/19
715,659,396,825,64,4748,853,380,977,93,75,2015/11/02
367,502,380,144,46,3919,946,195,861,242,202,2016/04/25
783,390,126,240,89,1808,747,157,974,405,349,2016/12/13
463,718,677,894,24,2154,516,121,559,496,423,2016/06/13
206,686,787,495,47,4683,771,284,693,98,472,2016/07/12
448,987,48,41,23,3055,970,486,839,100,41,2017/12/09
905,670,128,416,4,1382,745,147,562,461,467,2016/01/18
400,456,127,455,65,2266,842,362,894,55,177,2017/12/12
305,282,851,548,86,4811,528,236,878,381,430,2016/09/06
427,865,850,498,104,3068,522,353,545,89,152,2018/04/04
648,284,740,316,64,1053,747,357,548,316,201,2015/01/15
758,329,843,518,49,4808,527,490,731,30,254,2018/08/21
845,510,354,244,79,2262,672,449,688,69,126,2016/05/19
558,117,391,996,56,4439,856,259,870,135,239,2015/08/25
260,168,974,514,101,2249,614,69,584,461,138,2018/07/03
493,124,157,253,31,2798,815,138,638,130,264,2016/01/21
70,311,965,599,57,3933,985,63,868,183,80,2015/01/22
807,13,339,878,6,3510,886,19,763,12,7,2015/11/02
796,22,898,806,18,2389,844,346,991,344,447,2016/09/05
458,185,603,829,16,1163,605,339,891,330,154,2017/02/25
371,424,297,875,8,4602,976,388,882,406,26,2016/06/14
597,771,597,611,19,4179,651,125,724,380,480,2015/10/25
524,916,243,393,27,1881,703,68,941,69,301,2018/01/18
925,216,467,787,41,3661,672,130,712,497,494,2017/03/13
976,881,975,789,100,3873,763,260,905,120,157,2015/06/22
449,807,851,952,13,1210,927,432,953,132,153,2017/06/16
772,66,850,237,40,3237,848,387,699,91,102,2015/01/03
655,257,130,11,91,3593,832,360,791,46,250,2017/11/03
480,845,132,525,68,1877,706,378,769,173,165,2015/06/14
692,311,783,69,75,4888,742,189,806,158,182,2018/06/09
463,304,280,655,23,2995,664,264,554,260,53,2016/01/10
542,532,209,987,91,1316,651,387,718,159,26,2018/03/24
588,896,431,355,42,1787,884,225,652,4,455,2015/10/29
468,484,322,71,83,2466,886,131,978,327,247,2015/11/14
783,103,502,203,16,4433,650,11,954,220,380,2016/07/31
322,311,383,745,49,1841,694,500,782,247,321,2016/03/14
942,583,515,43,28,4241,501,377,612,382,349,2015/08/06
207,251,71,958,28,3347,524,111,529,150,406,2015/01/12
686,318,713,555,103,1819,633,389,853,220,280,2017/08/03
629,582,565,384,37,4075,797,382,544,23,17,2017/11/05
769,156,433,981,18,2254,817,476,786,293,200,2016/01/08
596,294,368,70,60,2686,844,160,768,444,409,2015/07/12
814,74,456,389,83,1783,754,300,775,211,160,2015/08/15
150,720,169,861,57,3262,522,493,842,32,283,2017/06/07
850,66,270,44,16,4933,528,305,755,48,238,2018/05/13
940,746,250,434,23,4336,855,209,646,208,39,2017/01/25
836,56,342,50,78,4151,581,322,952,185,167,2015/03/27
719,787,681,72,100,1440,894,434,521,276,124,2017/01/04
794,120,127,393,44,4614,516,360,532,64,271,2017/07/29
647,889,159,366,57,4121,731,498,625,250,221,2015/07/28
147,547,215,218,86,1855,754,139,619,497,441,2015/06/16
803,436,847,802,64,4629,645,481,803,370,387,2017/11/14
505,662,749,408,70,2263,839,183,515,445,234,2017/06/30
341,981,868,88,59,2487,606,309,999,204,267,2018/02/19
537,202,559,368,20,3456,638,2,883,231,451,2016/03/29
918,295,225,588,50,4484,518,61,842,481,312,2015/05/24
956,246,147,86,9,2734,868,289,747,302,32,2015/12/12
328,755,746,358,4,3654,807,78,720,177,57,2015/06/20
854,951,11,814,76,3027,741,98,787,377,394,2018/06/09
998,926,117,645,101,4199,981,237,694,208,319,2016/06/13
718,520,971,218,49,2814,640,151,775,332,65,2017/04/11
46,781,289,865,96,4337,603,461,722,465,497,2017/05/16
287,874,470,589,33,1916,887,438,997,389,364,2018/03/22
258,760,318,234,90,3903,609,70,646,195,437,2016/10/20
178,186,337,859,62,3328,941,142,584,93,491,2018/08/24
259,644,849,913,104,1117,994,277,959,121,84,2016/02/27
841,161,560,359,73,3291,864,364,665,255,88,2018/03/05
501,3,245,488,2,1960,980,500,750,182,294,2015/11/23
61,767,789,107,65,2208,767,438,730,55,22,2016/05/24
552,488,108,519,54,4467,676,375,686,284,144,2016/10/01
485,167,602,505,94,4853,680,154,740,71,385,2017/06/15
448,726,281,646,94,3857,997,22,950,51,452,2017/08/15
956,396,167,513,83,4936,715,3,637,159,290,2016/11/16
15,182,76,968,31,1747,768,316,728,362,389,2017/10/27
390,496,962,723,69,4459,899,407,944,1,415,2016/03/22
28,727,139,315,73,3870,609,288,578,373,368,2018/01/25
100,126,131,974,15,2389,827,212,790,433,458,2017/03/20
831,690,46,65,63,3450,799,151,703,266,105,2016/02/29
864,470,421,693,46,2158,735,301,669,164,213,2015/08/17
295,625,542,916,51,2684,589,10,577,426,351,2015/10/30
645,812,483,549,94,2316,832,145,878,34,463,2016/04/08
398,648,763,588,104,3523,959,97,773,205,179,2017/08/02
503,476,523,277,66,4495,855,197,621,499,3,2015/08/01
245,198,838,834,28,4702,632,289,627,44,276,2016/10/22
623,147,929,513,99,4786,961,485,651,268,328,2015/08/14
539,844,139,176,104,4166,652,192,813,50,36,2016/11/22
242,761,81,192,5,1818,754,3,850,289,8,2015/02/02
17,241,507,182,87,1258,674,469,545,276,291,2015/04/28
495,655,641,241,67,1137,907,326,687,356,143,2016/04/05
494,691,324,557,81,2524,540,125,676,127,464,2016/03/23
191,392,186,313,61,4476,722,83,994,311,150,2017/04/17
312,253,510,114,92,4449,758,459,888,129,467,2015/08/02
50,952,86,401,34,4472,783,112,799,305,159,2015/02/10
75,651,50,771,3,2103,821,140,871,95,321,2015/08/23
219,876,438,468,18,3348,683,132,981,231,474,2016/06/13
837,760,790,41,29,2127,807,37,935,132,267,2015/12/15
9,968,426,310,22,1624,545,454,906,402,411,2016/12/22
479,571,54,710,46,3115,758,44,954,286,385,2015/01/14
911,825,161,866,31,4340,863,390,548,206,390,2017/07/02
738,290,12,895,30,2130,547,419,536,387,41,2015/12/11
255,993,13,476,88,2902,720,68,714,60,482,2018/08/26
631,625,115,755,20,3745,524,392,649,486,385,2016/03/07
737,620,195,845,49,3557,602,470,951,452,68,2016/03/22
543,644,756,970,96,4906,878,175,918,338,36,2018/05/26
490,629,510,102,37,4537,815,53,765,408,5,2015/11/17
574,850,298,961,61,3714,590,372,703,460,144,2016/11/28
629,587,103,25,67,2044,691,442,883,455,51,2015/11/18
857,330,372,499,19,3072,607,314,603,397,50,2018/07/23
576,323,417,470,57,1048,571,74,724,367,96,2017/12/08
251,41,679,543,10,2868,718,87,941,465,172,2017/07/18
303,177,834,792,16,3263,525,438,789,159,334,2018/08/18
723,574,860,609,96,3960,621,13,883,15,302,2015/09/06
422,29,374,276,86,2341,579,305,611,129,423,2017/08/26
145,733,739,391,9,1644,749,124,592,54,185,2017/01/04
979,249,800,824,93,4161,730,194,551,62,46,2015/07/23
890,375,487,877,82,3414,730,191,659,295,297,2017/01/18
986,321,14,904,26,1063,683,210,506,175,478,2015/10/25
753,75,356,456,99,3414,775,258,827,277,291,2015/03/19
962,178,2,890,26,2023,822,379,657,105,18,2015/12/16
304,625,904,479,52,3285,520,241,823,141,130,2017/05/23
249,810,639,890,39,2094,909,90,957,10,196,2016/04/06
898,218,368,660,9,3355,933,449,972,75,327,2016/03/30
595,746,893,16,82,1410,615,142,561,81,334,2017/07/04
391,273,478,164,103,4411,645,442,612,302,290,2016/06/02
587,783,398,459,70,1801,892,225,573,435,161,2015/11/26
249,785,852,422,49,4910,971,73,598,190,203,2018/07/02
449,782,947,962,90,3943,883,404,799,271,484,2015/10/11
686,21,60,216,61,4828,809,378,796,489,43,2015/11/10
547,642,385,640,43,2588,644,117,569,334,372,2017/10/17
690,833,551,36,63,1886,628,114,577,36,121,2017/11/10
463,410,956,518,50,3260,971,339,635,309,82,2016/09/12
761,662,810,588,69,3801,954,411,640,39,95,2018/05/31
441,689,163,548,40,1809,964,239,870,478,219,2016/01/15
854,292,354,796,96,3763,633,477,704,378,13,2017/09/05
557,858,188,926,97,3916,695,122,726,123,302,2015/05/11
415,948,812,425,55,4028,971,460,813,242,74,2016/12/16
854,95,821,319,87,2772,630,232,562,286,469,2016/11/05
205,261,631,908,34,4902,507,4,871,410,46,2017/08/10
114,337,524,566,53,4636,946,264,980,256,96,2016/01/29
895,348,159,396,40,4821,877,346,599,41,259,2016/01/17
842,363,6,645,28,3473,739,327,988,72,120,2017/03/24
302,294,725,311,49,1276,912,408,589,410,324,2017/02/09
695,778,491,120,89,1479,755,30,889,444,94,2017/09/12
135,292,701,922,18,3950,840,114,570,87,318,2018/04/16
176,642,703,376,88,1563,839,495,901,323,199,2017/03/29
50,946,476,883,30,4801,552,177,708,138,184,2017/12/22
160,681,574,913,16,3349,889,381,632,130,398,2017/12/06
791,123,636,260,87,1301,507,369,788,444,396,2017/11/27
764,720,83,890,28,3904,773,16,603,66,217,2016/05/30
667,501,849,759,46,4703,642,469,996,405,255,2015/05/03
74,334,892,160,65,1900,790,64,706,356,43,2017/08/31
796,277,498,358,28,2941,812,7,932,53,472,2015/12/15
983,683,694,632,51,3643,597,185,609,253,186,2016/07/23
519,559,527,867,21,1238,796,176,860,38,69,2016/01/06
348,937,497,675,90,4273,798,49,905,408,160,2017/10/16
814,181,204,730,49,2827,968,329,799,44,352,2018/06/05
340,763,53,74,82,4189,933,12,557,292,224,2015/05/30
503,778,571,751,42,1238,827,385,544,11,17,2018/04/29
729,958,384,223,14,3873,914,491,866,96,247,2018/08/31
263,80,400,158,65,1758,657,143,904,260,70,2017/08/14
781,163,186,270,100,2285,801,340,958,240,127,2017/05/10
239,206,871,775,40,1634,711,299,879,206,357,2015/03/26
650,387,635,176,20,1858,730,229,608,313,18,2015/06/15
750,337,130,444,4,3427,795,395,721,35,383,2015/09/05
646,832,665,711,83,3816,681,128,553,435,72,2016/07/25
87,455,601,632,40,2014,622,467,857,346,472,2017/06/06
233,519,199,14,67,3901,523,445,798,120,348,2017/02/22
784,296,816,785,62,3530,964,498,752,216,142,2015/09/14
913,408,359,236,19,2966,771,367,794,292,474,2018/04/23
376,3,425,243,57,3426,645,375,782,494,22,2015/03/20
605,112,681,677,86,1492,554,47,508,284,90,2016/01/10
152,741,41,708,13,2399,714,459,541,281,76,2015/11/30
104,389,857,462,38,2928,828,212,581,83,133,2016/04/11
128,294,474,318,88,2709,700,56,897,366,265,2015/12/29
521,325,399,36,11,1085,871,224,736,175,429,2017/05/02
528,505,608,899,59,3275,901,217,546,326,352,2016/10/07
173,693,333,163,15,1998,888,84,563,68,399,2016/06/23
903,869,830,463,39,3958,669,234,986,30,315,2017/07/07
533,932,59,600,71,2097,984,17,554,66,266,2015/07/25
271,632,406,802,84,3171,811,44,975,313,143,2018/07/08
440,927,471,381,7,4417,981,29,693,371,482,2018/07/08
215,190,112,342,18,2822,583,392,544,352,288,2015/02/24
600,36,90,985,75,4470,818,221,843,272,96,2015/12/29
723,796,485,368,92,1945,625,480,695,466,6,2018/05/23
11,239,655,25,49,1081,831,486,846,276,298,2016/06/05
799,650,938,703,11,1568,888,254,581,249,396,2015/11/03
370,312,271,650,17,3171,674,55,817,99,412,2015/03/03
539,370,303,632,53,1199,828,425,956,407,296,2015/11/14
605,344,328,279,24,3807,828,116,995,47,402,2015/06/02
129,736,628,715,89,1584,866,317,930,11,10,2017/04/07
150,821,176,724,93,2603,891,464,701,403,376,2018/03/02
113,151,836,706,19,1261,634,410,500,116,100,2015/07/13
972,750,684,763,50,2842,688,463,555,287,1,2015/07/11
571,741,79,832,51,2472,686,165,724,374,42,2015/05/19
597,734,216,38,14,4713,820,220,691,241,492,2015/05/18
896,594,918,714,17,1697,797,435,834,77,171,2015/07/16
571,550,745,85,8,4281,932,360,932,5,340,2018/09/01
310,511,330,95,10,3226,647,451,726,238,249,2017/04/27
684,146,790,842,43,2404,645,153,961,374,225,2017/08/24
852,541,344,108,52,2111,825,343,865,309,18,2016/01/26
328,207,174,313,21,4280,648,306,628,27,236,2016/05/29
447,441,287,884,33,4770,927,5,982,214,11,2018/08/18
303,454,93,204,53,4327,893,13,915,395,183,2017/02/05
753,468,102,894,51,4887,820,316,975,382,140,2015/07/21
220,840,375,365,32,2160,864,273,690,398,218,2015/02/23
167,614,37,736,71,1349,722,464,925,138,79,2018/07/13
407,300,168,417,12,1734,993,488,948,254,125,2015/01/16
87,860,745,638,48,4154,759,54,502,435,345,2017/11/02
538,609,986,331,99,4914,688,354,989,432,13,2017/08/24
829,66,697,497,38,1840,886,406,911,436,469,2015/01/24
224,38,449,107,41,1643,908,403,926,147,221,2017/06/06
747,166,149,432,14,3134,594,421,528,173,12,2016/11/13
913,870,855,98,39,4112,596,29,507,447,405,2015/01/06
40,666,645,996,80,1197,535,243,919,122,258,2016/02/09
526,669,521,987,82,3009,630,275,692,220,171,2015/02/25
664,93,265,558,80,1830,759,433,565,52,341,2018/04/09
870,351,184,790,30,3031,627,448,655,64,24,2016/10/21
424,214,371,124,54,2860,524,205,708,386,135,2015/08/07
359,694,431,220,52,4342,772,286,646,180,124,2017/06/27
319,466,771,887,22,4158,717,62,643,406,205,2016/01/01
957,979,785,501,98,4697,795,64,837,496,62,2018/05/07
157,113,176,308,28,3266,696,33,540,205,110,2016/04/26
259,14,908,773,15,1052,549,437,668,105,488,2017/05/30
658,815,56,449,33,1602,603,408,644,240,499,2016/01/25
860,608,317,423,84,2967,802,213,712,372,354,2018/09/07
160,224,788,588,47,4930,546,258,597,354,6,2016/07/31
48,934,207,271,15,4982,957,151,683,36,266,2018/06/02
717,26,426,22,77,1353,585,51,824,98,172,2017/09/10
143,973,582,925,101,1159,725,476,810,83,344,2015/01/01
852,90,713,943,8,2737,821,173,839,346,167,2016/08/04
287,174,28,533,40,3143,590,482,808,14,383,2016/10/02
313,797,140,178,30,1792,929,38,624,41,457,2016/03/01
338,160,197,836,34,4830,787,347,720,220,73,2015/05/04
852,104,647,127,22,1806,500,380,879,405,305,2017/08/17
9,923,75,150,100,1123,577,389,944,446,391,2017/09/24
879,241,241,347,24,2838,594,431,579,138,246,2017/12/29
682,945,808,176,58,1734,852,394,529,146,437,2017/04/26
434,770,494,306,5,3400,504,66,703,194,469,2018/07/10
617,285,616,565,49,3533,992,490,525,286,319,2015/02/05
560,338,532,449,89,3199,540,396,616,145,379,2016/01/27
108,800,307,297,31,1401,552,254,536,184,220,2018/07/15
353,524,385,991,29,2909,1000,307,919,176,300,2015/10/20
490,916,956,337,50,2793,601,69,933,314,326,2017/07/07
140,29,198,292,77,4260,684,475,809,292,462,2018/04/03
117,149,873,927,38,4808,620,132,865,439,10,2015/07/13
663,956,90,813,14,2555,504,231,688,40,421,2018/02/15
489,980,196,438,89,3767,700,310,653,9,12,2015/04/17
717,30,728,246,95,2537,989,227,941,78,391,2015/05/25
599,481,479,819,103,1935,918,236,551,196,228,2016/09/02
868,245,382,949,75,4189,651,97,602,57,495,2016/07/03
794,55,420,684,47,1243,633,248,776,79,176,2016/01/03
798,215,276,608,57,2027,936,387,887,119,289,2018/01/10
438,935,684,251,60,4058,566,20,643,314,285,2016/01/12
223,179,378,899,69,3714,960,321,862,214,128,2018/04/10
130,873,262,401,4,2478,566,464,888,400,47,2015/01/21
603,298,822,343,4,3606,690,174,952,361,84,2016/07/10
290,818,467,11,84,2940,552,168,933,28,281,2015/10/25
900,255,702,104,1,4099,719,132,978,99,55,2017/10/10
287,325,204,919,38,1136,663,386,928,469,398,2017/08/13
852,820,715,845,77,3444,988,100,601,116,240,2016/02/05
99,281,727,500,3,3029,602,99,677,191,298,2017/06/17
982,736,279,562,92,1214,600,87,566,399,234,2015/07/22
160,747,516,188,73,1139,824,307,519,224,456,2016/01/19
547,362,17,576,58,1545,847,28,577,137,283,2015/03/29
778,76,168,504,76,2159,583,32,998,161,305,2016/06/10
424,918,534,627,46,4252,916,224,753,218,180,2017/07/12
746,565,581,365,97,2357,739,306,584,49,24,2016/09/25
220,353,948,119,76,4665,864,202,897,208,418,2016/02/18
337,590,971,325,53,1002,661,211,782,466,47,2016/01/28
743,603,152,966,83,4267,596,157,564,372,31,2016/12/26
454,716,471,751,51,1356,733,302,785,75,324,2018/08/29
600,860,431,691,83,1340,822,185,730,427,362,2016/02/28
920,693,967,740,19,4757,598,464,618,50,216,2017/01/28
706,436,916,925,82,3572,971,448,730,56,461,2016/02/11
66,640,520,258,32,4658,936,302,956,325,118,2017/05/13
282,384,284,258,54,4255,942,432,869,6,95,2015/02/27
529,99,715,327,83,3668,863,304,884,20,194,2015/06/10
329,954,691,644,97,2539,880,480,926,340,139,2016/05/26
984,681,565,852,88,2639,840,285,651,62,69,2016/07/26
513,204,128,982,11,1620,642,110,992,137,467,2017/04/14
210,17,883,456,77,4377,751,266,979,211,389,2017/03/21
773,177,456,990,61,4150,798,314,617,326,95,2018/02/03
860,952,841,373,92,4259,534,437,972,8,433,2015/06/15
861,549,716,848,40,3819,785,270,790,484,246,2015/05/25
250,926,868,785,55,4623,502,170,767,397,439,2016/11/24
634,276,877,777,77,4054,662,101,911,495,38,2018/04/24
507,389,82,38,72,4708,980,177,849,448,85,2015/02/06
609,524,522,441,16,3134,532,260,665,355,460,2015/01/16
408,485,916,371,21,3360,977,213,564,256,115,2017/10/22
760,716,271,987,81,4342,731,281,673,469,9,2018/07/30
446,830,598,658,84,3234,831,293,965,107,251,2018/07/27
692,183,745,500,39,4311,676,232,836,21,343,2016/01/12
52,411,618,763,24,3256,720,351,852,53,33,2015/01/17
47,897,94,114,79,3264,594,241,509,183,68,2016/12/21
824,811,366,866,21,4952,651,433,625,53,407,2018/08/06
771,89,555,944,71,1349,963,50,500,456,463,2016/08/14
