baseAmount,baseAmountBase,transactionCurrencyId,exchangeRate,invoiceId,paymentDate,ledgerDate,type
473,280,270,332,153,2016/10/15,2018/04/13,laser
242,113,401,17,78,2015/11/11,2016/01/23,jcb
15,156,861,370,685,2015/12/22,2018/02/10,jcb
17,473,714,165,494,2016/11/15,2017/08/22,jcb
120,48,131,61,474,2015/05/28,2017/12/26,maestro
3,424,931,79,853,2017/06/10,2017/08/02,jcb
249,93,462,143,258,2018/05/24,2017/08/07,mastercard
253,201,200,151,704,2015/01/25,2015/09/06,americanexpress
412,292,798,137,72,2017/03/30,2015/07/04,switch
406,326,961,493,47,2017/03/20,2015/11/06,laser
309,497,965,16,838,2015/10/28,2016/10/27,jcb
351,399,375,206,640,2017/08/02,2017/11/01,americanexpress
204,485,999,404,508,2016/01/09,2018/02/27,visa-electron
317,175,898,79,604,2015/08/07,2015/10/30,jcb
230,296,155,183,688,2016/01/07,2015/07/10,jcb
124,245,290,70,921,2018/01/23,2015/07/06,diners-club-carte-blanche
273,339,350,255,357,2016/08/18,2017/01/26,mastercard
353,231,571,355,609,2015/09/08,2018/02/03,solo
322,248,591,472,431,2016/05/23,2016/05/31,mastercard
86,437,863,465,925,2017/04/14,2015/08/18,mastercard
80,495,644,427,236,2016/04/15,2016/07/24,mastercard
235,345,865,465,400,2018/04/09,2015/04/06,jcb
391,394,964,337,494,2015/10/16,2016/06/13,jcb
135,451,825,186,808,2018/06/16,2015/08/01,americanexpress
218,140,843,165,967,2015/10/27,2018/07/30,jcb
313,304,722,22,500,2018/08/05,2017/12/02,jcb
412,490,268,34,971,2015/03/25,2015/06/19,jcb
343,347,873,275,487,2016/02/17,2015/06/24,maestro
27,304,615,393,477,2015/01/13,2016/05/21,jcb
383,316,912,157,598,2018/08/31,2017/05/29,jcb
156,109,925,166,911,2015/04/08,2017/12/13,switch
442,17,100,38,629,2015/11/21,2015/07/04,jcb
256,429,284,199,337,2017/09/19,2017/11/28,jcb
383,287,995,136,177,2018/03/31,2018/09/07,visa-electron
494,187,346,469,20,2015/09/20,2017/02/19,jcb
12,114,938,136,121,2015/04/10,2015/04/11,jcb
59,69,736,51,103,2016/04/16,2015/11/22,jcb
387,385,785,415,55,2016/11/27,2018/05/29,visa-electron
487,352,311,180,60,2016/09/10,2016/02/05,jcb
251,312,836,21,45,2015/10/23,2016/10/22,jcb
317,327,279,240,429,2018/04/02,2015/08/14,maestro
268,199,137,393,863,2015/10/06,2017/05/21,jcb
36,487,943,5,195,2018/01/11,2018/02/14,jcb
109,13,103,158,273,2017/02/24,2018/03/17,mastercard
374,195,276,290,471,2015/07/01,2015/02/27,jcb
121,258,712,200,937,2015/06/18,2016/08/08,solo
492,449,747,343,973,2017/08/04,2016/04/19,jcb
413,153,821,41,463,2015/04/15,2017/05/14,visa-electron
271,365,567,461,481,2015/03/05,2018/03/01,mastercard
112,40,124,144,246,2018/05/26,2016/10/29,maestro
473,103,701,121,308,2017/02/28,2015/05/10,jcb
471,158,286,285,545,2018/08/06,2018/03/21,switch
199,291,74,192,982,2018/03/15,2015/05/16,jcb
235,385,776,313,549,2017/12/15,2017/12/24,visa-electron
280,47,400,233,42,2017/09/01,2015/04/17,jcb
284,399,689,163,115,2018/01/26,2017/07/31,jcb
155,246,707,359,8,2017/10/14,2015/12/26,diners-club-enroute
272,473,29,117,621,2015/09/03,2017/11/06,jcb
291,375,806,27,785,2015/08/02,2015/12/20,solo
33,243,143,480,50,2015/04/05,2017/12/27,jcb
296,119,449,5,251,2016/06/27,2015/07/29,china-unionpay
327,460,898,216,1000,2015/11/19,2016/11/19,jcb
122,148,511,63,487,2017/12/30,2015/06/15,mastercard
303,331,757,428,458,2017/10/04,2016/02/25,jcb
149,323,407,496,975,2015/12/25,2017/11/26,mastercard
272,261,465,62,751,2016/08/19,2018/03/14,bankcard
479,341,609,459,502,2016/01/08,2016/06/13,jcb
416,106,624,159,305,2016/01/19,2017/09/24,switch
72,492,624,188,989,2018/05/02,2015/03/30,diners-club-carte-blanche
39,217,743,83,516,2016/03/03,2016/07/13,jcb
209,101,636,440,314,2015/01/04,2015/11/10,maestro
407,498,849,300,630,2018/08/03,2018/04/19,maestro
34,138,969,458,829,2017/05/21,2016/02/07,americanexpress
98,277,190,483,443,2015/02/05,2016/05/07,solo
486,488,912,480,148,2017/07/09,2015/04/01,mastercard
193,354,972,310,727,2018/06/26,2017/04/25,jcb
284,81,994,438,126,2015/10/15,2017/07/03,jcb
437,267,17,17,87,2016/11/09,2016/06/28,laser
455,306,130,135,716,2016/05/17,2018/08/02,americanexpress
53,462,168,464,195,2016/06/11,2015/01/06,jcb
65,255,417,451,420,2016/10/30,2017/11/22,mastercard
397,482,146,155,155,2017/05/24,2015/08/10,maestro
324,38,355,110,506,2017/11/04,2015/04/05,mastercard
26,170,603,398,979,2017/03/22,2016/03/21,jcb
439,135,898,196,434,2015/05/23,2016/10/27,maestro
344,271,929,439,761,2015/07/01,2018/01/31,jcb
338,255,983,153,685,2016/04/20,2017/06/22,jcb
236,295,831,137,712,2016/11/20,2017/12/26,jcb
473,489,606,102,360,2015/07/18,2017/01/04,jcb
265,259,977,273,803,2016/03/25,2018/06/21,laser
312,102,60,374,124,2018/05/30,2016/10/14,visa
353,17,43,128,556,2017/07/16,2018/08/10,mastercard
142,260,916,364,635,2016/12/03,2018/01/21,americanexpress
358,109,83,202,719,2016/10/07,2017/06/29,maestro
168,228,495,291,261,2016/07/17,2017/06/24,jcb
404,46,229,358,455,2016/08/11,2018/07/03,maestro
257,336,48,138,976,2017/01/06,2017/01/02,jcb
447,286,914,308,306,2017/12/09,2015/11/30,solo
199,452,516,253,540,2015/07/26,2018/06/03,jcb
330,411,148,411,496,2015/09/18,2017/12/29,jcb
308,129,410,263,66,2017/06/26,2015/01/25,jcb
255,447,182,17,609,2015/09/23,2015/12/30,maestro
182,465,339,15,416,2016/10/04,2017/05/18,solo
181,204,605,430,423,2015/05/06,2017/02/22,mastercard
42,303,955,479,934,2017/08/16,2017/12/11,switch
48,212,257,208,217,2015/02/28,2017/06/02,diners-club-enroute
385,349,746,419,360,2016/12/16,2017/04/01,jcb
57,393,142,55,778,2018/03/06,2015/11/20,switch
379,234,140,98,353,2017/06/04,2015/02/04,jcb
165,283,22,326,388,2017/06/29,2015/03/13,china-unionpay
421,108,119,178,107,2016/01/22,2015/04/04,maestro
439,271,831,453,212,2016/03/01,2015/12/01,jcb
52,122,535,218,514,2018/08/12,2015/07/07,diners-club-enroute
57,360,720,477,982,2015/02/25,2016/12/30,jcb
170,232,139,269,696,2015/02/11,2018/04/16,mastercard
124,267,718,326,993,2017/12/25,2017/07/28,diners-club-international
301,121,271,340,231,2016/12/08,2017/12/11,switch
19,187,137,300,39,2015/06/24,2015/09/10,jcb
433,409,424,152,293,2017/02/25,2016/04/18,diners-club-us-ca
105,458,150,354,933,2016/05/28,2018/02/25,visa-electron
190,41,689,306,305,2017/04/19,2015/05/14,jcb
9,250,36,10,704,2015/05/26,2017/10/24,jcb
254,490,298,283,98,2017/03/09,2016/01/27,jcb
378,440,815,395,939,2015/08/18,2017/10/08,switch
191,39,751,23,175,2015/02/24,2017/08/16,jcb
442,166,82,55,887,2016/08/19,2015/04/22,americanexpress
252,403,50,233,316,2016/03/26,2016/03/24,diners-club-international
438,424,997,149,867,2015/11/29,2016/01/21,diners-club-enroute
210,221,674,127,512,2016/02/19,2017/11/18,americanexpress
459,500,972,349,730,2017/02/16,2017/08/17,visa-electron
141,124,826,399,172,2016/12/13,2016/04/13,jcb
275,23,67,348,251,2015/11/27,2016/03/08,jcb
232,400,725,409,847,2017/05/01,2018/02/17,visa-electron
497,265,99,396,265,2016/03/10,2018/01/29,jcb
492,50,991,55,608,2016/05/19,2015/12/12,mastercard
345,94,343,453,421,2017/06/16,2016/07/30,diners-club-international
474,74,393,415,753,2017/02/25,2017/04/27,jcb
38,4,438,310,99,2018/06/29,2018/06/27,jcb
38,203,537,101,449,2018/01/09,2017/06/29,diners-club-carte-blanche
363,24,1000,355,875,2018/02/18,2016/02/25,jcb
176,261,646,203,138,2015/06/06,2015/06/21,mastercard
18,96,33,65,543,2017/11/23,2016/02/29,americanexpress
132,486,495,275,998,2017/03/04,2016/09/24,jcb
111,110,829,344,676,2016/05/05,2016/01/17,mastercard
89,430,116,375,950,2018/07/08,2017/05/24,jcb
177,12,779,476,45,2017/04/19,2015/08/10,americanexpress
346,119,733,261,829,2017/12/07,2017/03/29,jcb
31,108,919,112,542,2016/02/11,2018/01/14,switch
445,460,641,373,82,2017/06/15,2016/03/03,solo
338,189,503,435,356,2016/02/29,2016/04/28,jcb
181,50,417,314,157,2016/05/02,2017/03/05,americanexpress
299,305,682,492,536,2017/06/08,2016/12/31,maestro
154,165,615,98,457,2018/03/14,2017/03/18,visa-electron
347,20,499,332,133,2017/08/04,2017/05/22,visa
292,426,163,304,954,2015/08/18,2016/02/11,jcb
421,408,28,130,532,2015/12/23,2017/06/19,mastercard
110,33,389,81,588,2016/07/03,2015/11/28,maestro
167,74,869,5,953,2017/08/16,2016/08/31,jcb
287,180,791,52,589,2016/10/12,2017/07/21,jcb
365,279,281,453,334,2017/06/15,2016/12/21,china-unionpay
345,493,147,143,502,2015/05/22,2015/11/26,jcb
449,440,630,11,695,2017/11/24,2017/09/29,visa-electron
38,251,682,403,540,2017/09/23,2018/08/31,jcb
113,45,184,147,305,2017/01/12,2017/11/10,jcb
31,31,327,49,393,2015/11/06,2015/10/30,jcb
401,63,655,216,735,2016/07/20,2015/07/27,switch
415,122,913,277,232,2016/10/09,2018/09/08,visa-electron
246,424,882,265,395,2017/02/08,2016/05/30,mastercard
218,166,908,38,894,2016/12/01,2016/03/31,jcb
142,458,815,120,232,2017/06/01,2017/07/16,maestro
324,104,54,461,637,2018/06/23,2017/04/27,jcb
431,493,577,378,897,2018/05/24,2015/11/08,jcb
150,107,70,43,616,2016/02/16,2016/11/26,jcb
435,374,232,6,738,2015/08/19,2018/08/31,diners-club-carte-blanche
53,476,941,129,466,2016/03/21,2017/05/02,bankcard
238,21,411,412,672,2016/01/25,2018/07/27,instapayment
462,203,879,472,778,2017/09/30,2018/06/06,maestro
388,337,285,291,988,2016/11/28,2018/07/26,jcb
479,155,540,109,818,2017/07/16,2016/04/30,jcb
270,120,154,433,177,2018/03/24,2016/01/10,diners-club-enroute
470,66,7,356,940,2015/09/10,2015/01/03,switch
5,287,239,215,739,2016/07/16,2016/05/30,jcb
398,1,896,175,609,2017/10/12,2015/03/11,switch
217,218,143,58,164,2016/10/04,2016/12/18,jcb
436,49,899,380,345,2018/07/13,2015/04/26,americanexpress
359,370,854,117,463,2017/01/08,2015/09/20,jcb
216,346,844,2,269,2018/01/06,2016/01/24,solo
469,43,583,281,586,2016/12/28,2015/02/28,jcb
144,137,398,400,84,2017/11/23,2018/07/19,china-unionpay
340,451,445,310,585,2016/02/26,2018/02/10,diners-club-international
238,42,486,12,789,2015/01/24,2016/10/03,jcb
279,84,835,198,321,2017/10/08,2017/11/13,maestro
299,11,506,137,911,2017/07/18,2016/10/02,switch
487,387,543,336,521,2017/04/05,2015/10/27,jcb
152,258,724,141,786,2017/11/14,2018/04/01,visa-electron
344,346,946,327,209,2016/02/19,2017/05/01,americanexpress
126,448,376,323,853,2015/08/18,2015/11/09,jcb
313,64,631,89,296,2015/09/02,2015/12/23,jcb
14,460,941,470,863,2018/05/22,2017/10/03,jcb
79,60,514,100,668,2018/05/01,2015/08/19,diners-club-carte-blanche
423,412,833,490,530,2017/07/28,2016/05/01,instapayment
327,317,685,216,683,2016/08/29,2015/04/14,jcb
5,229,687,380,585,2017/10/18,2017/10/30,jcb
232,44,664,266,157,2015/11/19,2015/11/15,jcb
392,375,790,235,799,2017/02/05,2018/06/24,jcb
207,84,239,24,142,2017/12/17,2017/04/04,diners-club-carte-blanche
1,61,505,34,837,2016/05/07,2018/09/03,visa
169,206,843,250,732,2016/01/01,2018/08/24,visa-electron
408,362,427,309,813,2018/07/15,2017/03/26,visa-electron
338,228,723,165,557,2017/12/08,2015/08/03,maestro
393,17,171,281,937,2018/04/28,2015/03/12,china-unionpay
105,323,10,149,492,2017/08/26,2015/10/15,jcb
183,288,479,78,720,2017/07/27,2016/02/24,jcb
53,57,79,190,678,2016/03/21,2017/04/16,jcb
52,288,663,407,974,2015/04/04,2017/12/21,jcb
10,356,119,211,297,2017/04/29,2016/02/02,jcb
241,101,512,307,296,2015/10/01,2015/11/27,jcb
171,131,540,351,803,2015/05/29,2015/05/20,visa
139,324,611,123,787,2015/11/23,2015/12/10,jcb
115,416,451,329,636,2016/01/02,2015/10/17,visa-electron
13,497,868,269,527,2016/09/14,2016/08/26,jcb
54,140,763,281,866,2018/09/05,2017/01/09,jcb
41,134,68,21,488,2016/04/11,2018/01/16,jcb
44,450,538,223,280,2015/01/15,2016/05/14,jcb
379,171,417,291,201,2018/05/28,2018/08/15,laser
473,246,358,410,605,2015/09/29,2016/11/08,switch
279,78,811,57,50,2016/06/29,2017/10/22,jcb
159,336,572,379,235,2017/12/21,2015/11/25,diners-club-carte-blanche
88,149,408,106,294,2017/01/12,2016/11/10,jcb
454,366,705,473,730,2015/07/05,2018/05/13,jcb
171,285,778,481,406,2016/05/26,2015/09/27,jcb
55,50,363,118,362,2016/05/08,2016/03/19,jcb
266,146,115,433,997,2018/08/09,2017/06/02,maestro
318,372,161,395,360,2018/02/14,2017/10/10,americanexpress
318,287,227,269,901,2018/08/20,2017/06/27,mastercard
381,253,717,49,970,2018/07/13,2015/06/30,diners-club-carte-blanche
152,299,308,299,294,2016/12/22,2016/10/20,china-unionpay
304,187,599,451,314,2015/03/04,2017/03/05,bankcard
112,232,966,247,582,2017/09/10,2015/07/03,jcb
206,7,165,451,254,2018/01/19,2016/09/16,jcb
217,282,101,377,291,2015/07/15,2017/07/26,mastercard
339,82,21,198,42,2015/12/27,2015/10/31,jcb
228,474,618,319,101,2017/06/27,2016/01/17,jcb
415,394,536,410,602,2017/04/27,2015/10/24,switch
140,94,581,261,694,2016/05/24,2017/06/20,maestro
289,472,545,9,112,2015/08/09,2017/01/25,diners-club-enroute
102,357,825,260,691,2016/06/02,2015/10/10,china-unionpay
392,66,880,271,657,2015/05/30,2015/06/22,maestro
303,452,957,423,557,2017/01/10,2016/02/23,diners-club-enroute
169,2,172,400,951,2017/07/14,2015/11/27,bankcard
80,44,796,476,171,2017/06/09,2018/05/22,mastercard
414,144,348,291,183,2018/05/07,2017/07/02,jcb
294,95,892,461,589,2016/07/06,2017/06/06,jcb
351,4,162,371,205,2015/12/21,2017/03/22,jcb
292,349,406,220,216,2016/01/15,2015/11/22,jcb
228,420,691,268,777,2016/02/27,2016/10/23,china-unionpay
9,46,121,150,597,2017/01/07,2018/02/03,americanexpress
462,479,95,210,887,2016/07/09,2016/09/03,instapayment
11,385,96,23,203,2015/06/21,2018/07/09,americanexpress
4,14,64,110,386,2018/03/18,2018/02/23,jcb
13,276,266,70,631,2015/08/29,2016/04/02,jcb
261,151,569,441,431,2016/09/03,2017/12/01,jcb
345,435,657,477,336,2015/05/14,2017/03/15,instapayment
456,82,161,378,664,2016/09/07,2015/05/17,switch
175,443,13,14,982,2017/12/10,2015/04/22,jcb
440,157,251,369,320,2016/04/04,2016/10/06,diners-club-carte-blanche
216,466,161,113,445,2018/02/09,2016/10/12,laser
114,46,886,451,138,2018/08/09,2018/01/08,jcb
371,235,957,452,144,2018/05/13,2016/11/24,jcb
192,211,337,353,730,2017/06/22,2015/03/27,visa-electron
108,136,174,158,679,2018/02/05,2017/09/22,jcb
212,15,522,194,795,2018/06/02,2015/08/11,mastercard
411,217,280,95,398,2017/02/24,2017/03/28,jcb
269,80,193,202,907,2016/01/24,2016/10/20,maestro
99,404,291,109,955,2017/06/28,2015/02/15,instapayment
216,135,928,59,93,2018/06/11,2015/05/11,jcb
132,302,387,177,569,2016/08/24,2015/08/24,jcb
493,384,214,343,858,2018/01/11,2016/03/28,jcb
276,379,737,438,460,2018/07/30,2015/06/08,mastercard
476,228,29,239,839,2017/11/16,2017/03/04,jcb
483,39,540,223,338,2016/11/28,2015/05/25,diners-club-us-ca
363,480,922,90,441,2017/08/29,2018/07/29,jcb
455,258,225,490,938,2016/12/02,2015/11/25,visa
231,292,3,347,769,2015/05/25,2016/04/19,jcb
406,102,183,479,211,2017/09/12,2015/03/21,switch
464,374,682,364,523,2017/07/24,2015/05/21,maestro
174,486,341,425,954,2015/05/15,2016/04/01,jcb
364,37,788,400,588,2016/01/11,2015/07/22,mastercard
494,496,94,211,266,2016/08/10,2015/09/14,jcb
144,157,172,237,532,2017/09/07,2017/11/24,instapayment
319,335,209,146,112,2016/07/02,2018/05/25,visa-electron
56,349,922,122,495,2017/03/24,2017/11/13,solo
169,104,266,184,659,2017/12/23,2017/09/30,china-unionpay
160,242,361,442,339,2018/08/19,2016/11/20,bankcard
62,229,137,395,741,2015/12/25,2015/10/25,mastercard
315,499,521,21,955,2015/10/31,2017/04/16,mastercard
392,118,369,226,153,2017/11/26,2016/01/08,jcb
60,282,187,25,634,2018/05/26,2016/10/01,jcb
302,478,342,257,134,2016/08/09,2016/11/10,switch
356,415,684,10,81,2016/05/26,2016/03/30,visa-electron
144,239,288,133,1000,2016/06/11,2015/05/23,switch
137,337,183,437,164,2016/07/28,2015/07/20,jcb
278,28,168,146,260,2017/07/31,2016/05/16,jcb
236,375,156,145,562,2016/07/13,2017/04/21,diners-club-enroute
206,152,565,218,316,2015/06/22,2016/05/19,maestro
323,296,935,450,948,2015/10/02,2017/04/01,maestro
28,235,586,271,182,2015/07/20,2016/08/19,jcb
201,500,948,291,54,2018/01/08,2016/09/18,jcb
446,185,707,237,601,2017/02/01,2017/06/30,mastercard
293,194,439,203,417,2017/03/04,2018/01/03,maestro
366,367,908,122,534,2015/07/05,2017/11/25,jcb
207,447,80,322,655,2018/01/04,2016/05/07,switch
78,326,717,105,179,2017/11/17,2018/07/12,switch
493,294,925,117,721,2017/08/17,2016/08/01,china-unionpay
17,176,373,81,355,2015/10/02,2017/08/09,jcb
197,15,769,107,634,2016/07/22,2018/05/24,jcb
446,233,456,342,3,2017/11/02,2015/12/16,jcb
256,289,553,262,18,2015/06/16,2015/06/08,mastercard
255,430,210,475,315,2018/03/25,2017/07/18,americanexpress
311,286,957,26,681,2017/05/06,2016/04/12,jcb
452,16,19,122,653,2015/04/06,2017/07/19,visa-electron
486,351,541,25,408,2016/08/11,2016/05/20,diners-club-carte-blanche
19,384,908,478,255,2015/03/11,2017/12/08,instapayment
424,244,411,101,118,2016/09/22,2017/11/16,visa-electron
68,234,342,344,1000,2017/12/09,2016/01/08,jcb
53,90,324,362,175,2016/02/06,2016/01/07,jcb
420,363,74,47,926,2017/08/02,2015/08/19,jcb
441,93,809,362,911,2016/07/27,2016/01/13,jcb
201,500,760,131,139,2015/05/15,2016/08/24,jcb
295,277,268,152,372,2015/08/07,2017/10/26,visa-electron
109,461,260,479,453,2017/11/24,2018/08/04,jcb
71,359,930,438,748,2017/05/24,2015/12/10,diners-club-enroute
32,215,253,433,286,2016/09/24,2015/08/25,mastercard
5,240,138,390,672,2018/03/01,2016/04/05,maestro
189,60,560,451,532,2015/07/19,2015/06/01,mastercard
494,212,715,280,784,2015/08/17,2015/12/18,mastercard
384,84,765,496,12,2017/07/04,2018/03/06,jcb
341,247,117,85,682,2017/05/03,2016/10/06,maestro
337,33,25,114,559,2015/05/29,2015/12/24,jcb
498,342,304,279,725,2017/08/09,2016/10/17,visa
39,280,418,319,648,2015/10/16,2015/01/07,diners-club-enroute
496,347,319,179,309,2016/07/23,2016/10/24,diners-club-carte-blanche
258,233,123,211,350,2017/06/24,2017/05/06,jcb
216,192,587,139,821,2015/11/20,2017/08/04,laser
212,368,922,427,253,2017/06/16,2017/07/04,diners-club-enroute
131,348,268,349,602,2015/08/23,2015/02/19,laser
274,433,969,3,636,2017/10/25,2015/10/06,visa-electron
292,220,702,89,770,2017/08/13,2018/01/03,diners-club-enroute
401,347,362,473,260,2017/08/14,2018/07/17,jcb
482,296,162,50,750,2015/03/29,2018/01/12,jcb
300,288,566,259,327,2018/05/13,2018/01/08,mastercard
462,167,571,396,6,2017/10/08,2018/04/15,jcb
408,367,598,161,223,2015/04/17,2016/10/14,switch
333,216,764,31,834,2017/08/16,2016/01/26,mastercard
78,143,982,147,223,2016/02/19,2018/04/25,bankcard
31,354,802,240,126,2015/05/08,2016/05/24,switch
48,241,120,168,661,2015/06/09,2015/09/13,china-unionpay
107,203,917,392,861,2015/04/01,2017/03/02,jcb
136,58,968,198,275,2016/07/06,2015/04/25,bankcard
243,285,321,414,222,2018/09/11,2016/11/24,jcb
470,101,472,276,578,2018/08/05,2017/12/27,jcb
123,243,455,166,9,2018/05/17,2016/11/24,jcb
312,26,863,159,985,2015/05/26,2018/05/23,jcb
274,197,162,28,595,2016/05/11,2017/04/01,china-unionpay
345,38,203,98,664,2017/12/04,2017/03/03,jcb
72,107,969,136,180,2017/12/15,2016/07/27,diners-club-enroute
314,17,596,29,959,2017/03/08,2016/05/16,mastercard
282,68,19,305,498,2017/09/28,2015/05/01,maestro
2,19,919,322,294,2018/02/01,2015/06/26,mastercard
318,296,348,299,529,2016/08/11,2017/09/29,mastercard
348,273,705,177,455,2016/02/09,2015/10/01,jcb
46,155,341,388,418,2015/08/19,2016/03/19,switch
144,84,722,172,973,2016/07/09,2017/02/19,americanexpress
202,168,277,44,699,2015/04/24,2016/06/17,visa-electron
95,57,127,119,543,2015/09/04,2018/07/07,jcb
256,449,607,361,859,2015/03/09,2015/05/30,jcb
132,377,35,497,113,2015/03/01,2015/07/13,visa-electron
174,121,133,494,800,2018/04/30,2018/06/01,bankcard
478,359,358,7,472,2015/12/03,2015/04/21,americanexpress
398,176,600,156,263,2015/06/26,2016/11/01,china-unionpay
375,238,840,494,544,2017/12/15,2015/12/19,jcb
290,208,704,272,15,2018/05/28,2016/08/22,bankcard
55,1,968,237,758,2018/04/19,2015/07/23,diners-club-enroute
129,90,50,135,124,2017/05/03,2017/07/10,instapayment
14,466,979,264,374,2017/01/25,2016/07/01,diners-club-carte-blanche
24,371,975,163,256,2015/05/30,2017/04/27,diners-club-enroute
365,165,536,323,988,2018/04/06,2017/08/06,china-unionpay
243,11,944,57,334,2016/08/05,2017/03/16,mastercard
112,89,379,481,313,2015/08/15,2015/06/24,visa
345,26,386,193,534,2016/11/16,2015/02/07,solo
413,63,151,314,792,2018/05/07,2016/02/29,jcb
86,457,229,246,578,2015/05/21,2015/07/16,diners-club-carte-blanche
477,384,438,334,785,2016/02/16,2015/02/01,bankcard
83,8,61,236,8,2016/10/04,2016/01/24,jcb
279,47,141,499,146,2016/02/13,2015/01/18,jcb
67,101,501,455,918,2018/02/09,2015/06/16,jcb
313,232,157,363,450,2016/01/17,2015/05/09,jcb
348,116,767,52,701,2017/04/26,2018/01/15,jcb
494,399,370,449,26,2018/05/13,2015/03/20,jcb
198,347,92,44,828,2016/09/11,2017/06/13,jcb
362,396,28,139,284,2015/09/10,2016/09/16,visa
226,62,572,103,188,2015/03/06,2017/05/15,jcb
23,52,841,418,113,2015/01/08,2018/04/25,maestro
304,58,607,449,922,2018/06/11,2015/02/19,jcb
416,15,426,473,94,2018/01/09,2016/09/24,bankcard
110,394,545,231,327,2016/08/11,2017/10/17,instapayment
392,469,106,216,920,2015/06/12,2017/10/27,maestro
332,489,939,246,497,2016/04/02,2016/10/18,diners-club-carte-blanche
83,375,592,120,768,2015/09/14,2015/04/30,maestro
125,379,723,475,698,2015/02/09,2015/10/01,diners-club-carte-blanche
500,498,41,318,13,2018/06/27,2017/07/30,maestro
382,170,960,216,940,2016/01/10,2017/10/13,jcb
303,355,823,256,959,2015/05/28,2018/04/29,jcb
28,465,822,324,656,2017/05/23,2018/06/09,diners-club-carte-blanche
235,137,935,102,654,2015/12/21,2016/10/29,jcb
359,437,889,214,61,2015/12/29,2017/02/11,jcb
436,113,799,131,504,2017/12/20,2017/03/26,jcb
137,67,16,289,501,2015/10/01,2016/05/28,jcb
185,85,60,187,832,2016/08/18,2017/05/23,instapayment
149,276,622,168,430,2016/03/30,2018/08/10,diners-club-enroute
439,353,24,135,499,2018/04/21,2016/01/20,jcb
157,210,97,135,542,2018/08/11,2018/05/11,jcb
163,330,81,319,688,2017/12/07,2017/09/11,maestro
417,37,59,221,192,2015/01/03,2016/06/24,switch
350,117,476,9,765,2018/02/17,2016/07/13,jcb
319,28,699,487,853,2017/06/15,2016/06/04,bankcard
383,181,347,369,739,2015/11/24,2017/07/12,mastercard
207,82,901,485,103,2016/12/13,2015/03/03,jcb
497,323,926,440,993,2018/07/06,2015/03/01,mastercard
161,414,869,67,934,2016/11/03,2018/04/08,jcb
45,481,14,393,989,2017/05/16,2018/04/26,visa
402,64,205,63,131,2016/05/18,2015/03/02,jcb
143,84,388,42,480,2016/06/02,2016/08/13,americanexpress
213,146,448,382,643,2018/05/15,2018/06/09,jcb
394,344,62,418,847,2016/12/15,2015/03/16,diners-club-enroute
492,226,399,218,981,2017/11/27,2016/06/04,visa
83,149,841,92,181,2016/05/04,2017/09/21,jcb
348,287,242,469,734,2017/08/17,2016/03/22,laser
89,100,481,236,61,2015/11/11,2017/09/08,solo
151,161,548,200,246,2016/01/15,2015/02/22,mastercard
347,499,634,145,154,2018/04/16,2017/07/31,jcb
39,276,584,412,703,2016/08/22,2017/06/15,visa
382,500,405,406,299,2018/04/08,2015/03/12,jcb
393,209,99,319,626,2017/01/22,2015/09/19,jcb
347,386,600,113,303,2017/06/28,2015/06/18,maestro
466,298,793,287,600,2018/07/20,2015/04/16,mastercard
325,141,907,480,147,2016/06/09,2015/08/09,jcb
91,346,206,94,192,2015/07/01,2016/12/21,jcb
330,389,751,289,416,2015/12/20,2017/05/28,diners-club-carte-blanche
156,450,664,311,216,2018/01/08,2017/04/17,laser
9,442,255,140,26,2018/01/25,2017/03/04,jcb
93,375,453,59,597,2016/08/28,2018/03/03,solo
435,172,377,172,595,2017/09/02,2018/08/08,diners-club-us-ca
305,22,710,449,800,2016/03/29,2018/07/01,mastercard
149,371,602,71,732,2017/09/21,2018/01/10,jcb
325,473,869,462,794,2017/12/31,2017/04/29,diners-club-enroute
230,481,450,92,32,2018/06/11,2017/10/16,maestro
469,7,943,452,749,2018/05/15,2016/05/30,jcb
18,40,131,463,688,2016/12/05,2017/07/17,jcb
30,316,152,481,406,2018/06/29,2015/03/04,jcb
50,44,917,127,778,2016/06/04,2015/03/01,jcb
64,306,294,201,335,2018/01/21,2015/08/06,diners-club-enroute
45,161,317,325,688,2017/10/02,2015/12/27,maestro
187,128,472,386,648,2018/01/30,2015/07/07,jcb
43,339,137,337,811,2015/11/26,2016/03/29,jcb
101,186,473,379,254,2015/11/27,2015/05/26,visa-electron
277,269,323,487,83,2018/04/16,2015/12/23,switch
281,322,357,322,185,2016/06/02,2016/10/31,jcb
240,484,119,227,324,2017/10/31,2015/03/12,jcb
318,318,177,336,739,2016/05/22,2015/08/08,bankcard
320,434,23,7,495,2017/09/09,2016/02/17,maestro
483,263,171,415,809,2017/07/25,2018/08/02,maestro
252,442,921,85,108,2015/06/01,2017/02/27,laser
95,282,934,36,852,2015/01/26,2018/04/18,jcb
187,318,626,160,770,2017/08/16,2015/08/18,solo
404,63,312,122,899,2017/12/17,2016/04/13,jcb
358,115,224,329,572,2018/08/14,2015/12/03,diners-club-carte-blanche
218,393,984,99,496,2016/08/27,2015/04/08,jcb
27,391,917,497,826,2017/02/20,2017/08/27,jcb
297,382,619,334,760,2017/10/05,2018/03/12,jcb
89,169,587,172,759,2016/09/04,2018/06/21,mastercard
424,54,827,451,983,2015/01/25,2016/06/04,jcb
147,112,867,281,197,2016/03/23,2017/02/08,laser
125,106,544,165,992,2018/04/01,2015/01/19,laser
457,20,354,185,241,2017/10/13,2015/08/03,bankcard
304,482,391,251,186,2017/06/11,2017/12/05,mastercard
352,335,91,495,380,2017/02/23,2015/06/21,diners-club-enroute
29,125,544,477,864,2015/12/01,2018/04/07,mastercard
161,453,359,77,271,2018/02/07,2017/02/02,jcb
94,396,146,466,883,2018/08/22,2018/08/01,jcb
42,489,424,470,412,2016/09/01,2015/07/01,mastercard
447,447,602,107,773,2017/08/22,2017/07/06,americanexpress
230,192,462,425,136,2016/12/24,2016/05/09,americanexpress
291,102,968,410,139,2015/10/28,2018/08/01,maestro
269,493,360,155,32,2017/05/10,2015/11/23,mastercard
240,432,835,263,423,2015/06/25,2017/11/21,jcb
238,304,793,410,565,2016/09/24,2017/08/01,china-unionpay
345,311,808,355,190,2015/11/07,2017/09/09,switch
91,171,788,96,304,2017/08/10,2015/02/14,mastercard
266,180,463,387,776,2018/02/14,2017/10/20,mastercard
490,173,250,19,87,2018/07/29,2017/06/25,visa-electron
75,207,957,332,634,2015/09/19,2017/06/09,jcb
15,450,856,109,211,2015/05/07,2017/03/04,maestro
84,188,808,410,191,2016/01/03,2018/08/23,jcb
64,83,802,436,693,2015/04/08,2015/08/01,diners-club-carte-blanche
210,255,550,402,120,2016/10/31,2015/02/01,diners-club-carte-blanche
276,185,435,21,507,2016/02/03,2016/10/13,jcb
31,488,664,188,105,2018/06/14,2015/12/29,jcb
130,249,605,297,541,2016/03/20,2015/05/12,china-unionpay
248,175,135,200,307,2016/03/10,2017/07/21,jcb
81,55,22,360,158,2017/05/13,2017/07/11,jcb
15,32,898,306,984,2016/01/16,2016/09/28,jcb
435,181,863,191,815,2018/05/07,2016/01/11,bankcard
370,433,926,22,27,2017/06/05,2016/02/18,diners-club-enroute
482,306,805,400,205,2015/05/19,2015/06/21,bankcard
55,369,204,252,220,2015/03/25,2017/02/27,jcb
299,157,888,448,518,2018/07/27,2016/11/23,maestro
468,182,736,407,325,2017/05/05,2017/08/13,jcb
398,10,44,365,776,2017/10/14,2018/01/07,jcb
385,66,478,267,188,2017/05/10,2015/06/12,jcb
253,344,390,163,933,2015/05/25,2016/11/09,switch
350,133,116,41,779,2018/06/15,2017/02/19,jcb
152,108,815,276,641,2016/05/21,2018/08/15,maestro
32,326,692,298,753,2015/05/05,2015/03/01,maestro
252,487,610,110,103,2017/11/06,2015/09/16,maestro
365,419,8,17,363,2016/06/26,2017/05/13,mastercard
297,52,85,398,141,2016/09/11,2015/11/26,diners-club-carte-blanche
59,463,811,386,757,2016/12/23,2015/11/24,maestro
499,10,149,376,559,2017/09/04,2017/07/29,diners-club-enroute
394,168,726,94,154,2017/08/24,2017/09/22,diners-club-carte-blanche
213,149,716,343,103,2015/06/16,2016/08/19,maestro
251,31,22,28,434,2015/05/31,2017/08/19,jcb
244,241,547,470,502,2015/05/15,2018/08/14,jcb
456,56,178,404,6,2017/04/28,2016/05/31,visa-electron
366,258,229,411,444,2016/01/09,2016/07/15,maestro
204,165,685,384,593,2017/12/31,2016/03/16,solo
326,28,356,443,125,2018/03/16,2017/11/21,diners-club-international
226,173,16,414,292,2015/12/06,2015/02/10,americanexpress
172,292,526,417,395,2018/07/25,2017/06/30,jcb
352,258,695,391,391,2017/12/02,2017/11/21,jcb
65,57,459,71,681,2017/10/04,2018/06/03,jcb
128,471,395,87,949,2018/08/13,2018/05/21,jcb
41,410,414,297,316,2018/04/04,2015/06/26,switch
410,97,817,332,206,2015/08/19,2018/02/26,china-unionpay
10,120,971,307,216,2015/09/18,2015/08/05,visa-electron
444,364,677,7,675,2016/09/04,2015/02/05,jcb
25,255,202,395,754,2016/07/11,2017/05/20,bankcard
264,451,542,86,95,2017/07/29,2018/06/11,mastercard
58,372,721,75,571,2017/01/01,2015/09/18,mastercard
328,194,903,408,396,2017/07/22,2015/10/22,jcb
324,20,576,67,543,2016/05/10,2016/01/31,visa
468,463,700,29,21,2016/12/11,2016/07/30,jcb
10,357,297,137,786,2016/08/31,2018/04/25,jcb
27,473,615,321,343,2017/12/15,2017/09/07,jcb
140,112,154,111,66,2016/04/20,2017/02/24,china-unionpay
351,309,166,312,126,2015/04/28,2016/05/30,jcb
457,165,979,409,891,2017/10/30,2016/06/02,jcb
469,450,859,355,115,2017/04/12,2016/12/06,visa-electron
314,474,236,282,988,2016/03/26,2016/09/26,diners-club-us-ca
443,64,455,85,379,2017/05/09,2015/02/27,jcb
100,406,58,254,510,2016/09/12,2017/08/19,china-unionpay
325,96,73,55,646,2016/04/23,2017/01/20,jcb
248,115,885,452,870,2017/03/25,2015/03/29,bankcard
410,424,791,488,586,2015/08/15,2015/05/26,switch
235,420,494,161,820,2017/01/22,2016/10/10,visa-electron
205,1,419,24,119,2017/03/04,2016/09/15,mastercard
256,174,598,8,347,2015/08/21,2016/11/16,jcb
310,40,827,84,123,2015/12/13,2016/06/23,jcb
256,217,380,180,247,2018/06/16,2015/03/27,visa-electron
410,175,833,38,108,2017/07/26,2018/02/02,mastercard
34,361,888,466,31,2015/07/11,2017/06/25,switch
485,82,397,422,819,2017/05/29,2017/07/02,diners-club-carte-blanche
63,372,149,158,729,2015/09/11,2015/05/03,jcb
11,330,577,498,950,2017/09/12,2016/07/01,jcb
123,236,864,352,953,2017/06/11,2015/07/16,switch
3,321,209,265,304,2015/05/04,2017/09/12,bankcard
174,148,499,331,472,2018/08/10,2018/01/18,bankcard
96,395,753,174,841,2016/09/15,2016/06/21,jcb
191,440,899,490,691,2015/07/18,2018/07/25,maestro
464,115,232,153,421,2017/12/24,2016/01/27,jcb
211,260,16,359,379,2018/07/06,2015/02/21,jcb
89,1,312,467,510,2015/04/18,2018/01/17,jcb
110,101,245,439,19,2015/02/24,2017/12/18,jcb
315,367,76,138,893,2015/06/12,2016/05/14,visa-electron
471,1,658,87,504,2015/03/19,2017/04/22,mastercard
141,480,866,427,992,2018/05/07,2015/09/12,jcb
254,270,554,116,685,2017/04/09,2018/08/20,jcb
276,410,577,296,895,2017/10/05,2018/07/02,diners-club-enroute
434,455,901,167,371,2015/09/16,2017/07/13,maestro
344,283,777,477,163,2018/01/06,2015/01/29,jcb
386,251,212,176,392,2017/03/08,2016/11/11,jcb
205,275,553,275,964,2017/01/04,2015/08/16,switch
72,16,243,180,855,2016/08/02,2016/11/27,diners-club-us-ca
247,448,819,322,477,2015/07/18,2017/08/14,maestro
106,19,300,29,447,2017/03/25,2017/05/29,jcb
354,105,514,34,507,2016/01/31,2015/06/22,mastercard
135,76,248,410,865,2017/07/11,2016/06/26,solo
92,249,584,332,23,2016/07/30,2017/06/17,jcb
348,194,710,278,738,2015/10/10,2015/05/11,diners-club-enroute
108,69,971,250,257,2015/12/07,2018/07/30,americanexpress
16,318,630,59,157,2017/07/17,2015/10/16,americanexpress
304,442,657,155,593,2016/09/09,2018/02/14,china-unionpay
482,24,780,477,456,2015/05/30,2016/07/21,maestro
324,336,124,441,886,2017/06/19,2016/10/04,visa-electron
299,356,349,141,372,2018/05/25,2017/11/16,china-unionpay
446,392,111,318,509,2015/10/14,2016/02/09,bankcard
443,354,593,200,674,2017/03/10,2018/02/22,jcb
268,229,756,79,788,2016/05/11,2016/06/13,laser
181,22,122,488,590,2018/05/06,2016/08/01,jcb
393,72,9,114,409,2017/05/22,2015/05/26,jcb
198,447,865,81,572,2016/09/08,2017/09/26,jcb
135,69,135,42,432,2016/11/20,2015/01/01,jcb
216,430,546,392,120,2016/08/16,2017/07/30,china-unionpay
145,29,544,26,551,2018/06/10,2015/01/29,bankcard
128,363,293,159,902,2015/05/04,2017/10/20,diners-club-us-ca
360,339,728,387,337,2018/06/03,2016/06/12,bankcard
81,397,98,122,127,2015/12/31,2018/08/31,mastercard
134,462,422,107,880,2018/08/07,2015/03/28,maestro
147,335,730,371,817,2016/01/07,2018/05/24,maestro
316,209,288,176,70,2015/06/30,2018/05/25,switch
132,149,861,478,548,2016/05/12,2018/06/11,jcb
90,493,224,422,883,2016/02/10,2018/08/03,americanexpress
419,216,349,163,14,2016/04/20,2017/12/02,laser
143,296,398,368,677,2016/09/05,2016/07/04,solo
359,40,165,160,730,2015/01/06,2016/08/11,jcb
260,114,164,453,658,2015/10/23,2016/05/13,visa
392,266,552,415,370,2016/06/04,2018/08/05,visa-electron
154,20,361,308,635,2016/11/26,2018/03/10,maestro
360,476,697,60,963,2015/12/18,2017/01/02,diners-club-carte-blanche
466,411,985,445,416,2017/03/05,2017/07/19,jcb
122,20,724,109,615,2017/09/08,2018/03/26,jcb
143,199,336,474,48,2016/01/20,2015/11/04,jcb
3,474,319,92,605,2018/03/20,2017/04/29,jcb
238,437,190,470,855,2015/11/13,2017/11/01,maestro
46,448,964,292,224,2016/09/22,2015/09/02,mastercard
45,304,841,470,966,2017/01/06,2015/01/08,visa-electron
438,490,57,170,735,2015/04/23,2018/02/24,maestro
39,344,777,96,811,2015/08/09,2015/09/27,jcb
454,325,854,359,244,2015/08/07,2016/03/26,jcb
440,492,699,92,872,2018/07/24,2016/08/09,mastercard
457,251,606,469,694,2017/11/09,2017/04/08,mastercard
195,128,551,331,846,2016/10/08,2015/04/16,jcb
405,287,190,133,557,2017/05/15,2018/06/22,jcb
298,200,366,18,961,2015/07/04,2015/02/09,jcb
2,291,592,474,90,2018/03/17,2016/12/25,diners-club-enroute
79,123,319,218,162,2017/08/29,2016/05/29,jcb
340,379,622,175,218,2016/04/14,2016/10/06,jcb
249,407,830,362,173,2016/05/19,2016/07/07,visa
228,474,997,173,725,2017/10/20,2017/04/12,jcb
459,183,182,51,933,2015/06/04,2017/01/30,mastercard
263,441,480,249,898,2018/02/04,2015/09/12,jcb
407,254,570,351,928,2016/06/05,2016/04/24,americanexpress
416,101,210,368,248,2015/12/10,2015/08/18,visa
425,487,682,116,411,2017/02/27,2016/09/05,switch
87,141,610,172,939,2016/02/25,2018/04/06,jcb
22,291,253,424,615,2018/06/11,2017/02/20,jcb
238,317,303,251,512,2016/08/25,2017/10/30,mastercard
335,50,839,214,637,2015/10/21,2017/01/20,jcb
94,64,873,499,601,2018/03/31,2017/09/21,visa
440,489,688,68,704,2016/12/02,2018/02/18,jcb
184,10,137,444,489,2018/03/17,2015/12/14,instapayment
192,358,102,407,961,2015/07/15,2017/06/20,jcb
320,485,901,72,383,2016/09/30,2016/07/01,jcb
143,287,897,8,768,2017/08/11,2015/11/28,jcb
102,473,614,198,933,2018/03/09,2015/07/15,china-unionpay
236,493,443,17,954,2015/02/07,2018/03/01,switch
410,27,56,216,726,2018/06/29,2016/06/19,maestro
105,304,295,258,141,2015/09/11,2018/05/30,jcb
230,407,29,144,156,2016/11/25,2017/07/18,bankcard
248,43,614,307,883,2015/12/29,2016/04/04,visa-electron
5,49,608,335,327,2016/05/07,2017/11/25,jcb
17,327,911,213,851,2015/04/09,2016/09/10,americanexpress
129,311,905,345,64,2016/04/23,2017/10/19,diners-club-carte-blanche
25,28,566,432,796,2015/03/08,2015/10/30,switch
140,455,558,210,205,2016/08/04,2016/01/04,jcb
465,255,956,495,284,2018/08/02,2018/03/05,jcb
438,367,83,327,49,2015/10/24,2016/11/14,jcb
249,118,134,35,808,2016/09/28,2016/07/16,jcb
435,440,618,158,404,2015/02/19,2015/06/23,mastercard
485,184,754,207,892,2018/02/22,2017/06/22,jcb
488,304,700,62,107,2018/04/30,2016/06/26,americanexpress
212,157,824,65,184,2017/10/25,2017/06/23,visa-electron
477,371,449,338,52,2016/05/04,2015/09/04,jcb
487,421,524,279,672,2015/09/15,2015/03/03,jcb
90,311,352,189,676,2015/10/27,2016/11/26,mastercard
359,48,120,428,966,2015/12/26,2015/07/12,americanexpress
378,4,733,414,967,2018/03/02,2017/07/07,instapayment
385,255,538,186,542,2018/02/25,2017/09/12,jcb
376,367,601,350,683,2016/03/13,2017/04/24,mastercard
419,115,954,306,376,2016/12/10,2017/05/19,jcb
122,491,445,411,165,2016/09/28,2018/05/05,jcb
398,368,958,237,419,2017/02/11,2016/02/16,jcb
25,306,163,25,121,2016/07/22,2016/11/06,jcb
226,222,872,190,240,2018/07/20,2017/06/30,switch
367,214,2,464,639,2016/10/06,2017/12/08,visa-electron
309,132,285,206,934,2017/05/07,2015/03/19,americanexpress
118,440,163,73,541,2015/05/07,2016/12/25,maestro
466,478,77,257,957,2016/11/12,2016/12/13,mastercard
121,318,148,467,785,2018/02/03,2017/04/29,jcb
141,191,323,299,145,2016/04/07,2017/11/14,bankcard
476,238,531,1,18,2018/01/23,2016/09/01,americanexpress
249,318,51,18,558,2015/10/05,2017/09/09,switch
191,304,663,299,998,2015/09/30,2015/11/16,diners-club-us-ca
377,279,692,332,215,2016/07/11,2017/05/09,jcb
35,466,96,449,308,2015/07/09,2016/02/26,maestro
487,344,731,258,232,2017/03/19,2016/05/03,americanexpress
238,419,712,291,478,2017/09/28,2015/10/08,switch
72,212,540,484,924,2016/02/12,2018/06/08,mastercard
443,198,779,32,656,2017/07/10,2015/09/22,jcb
127,253,403,432,442,2017/08/27,2016/08/09,mastercard
239,276,660,263,120,2015/04/10,2017/10/08,jcb
444,334,584,213,716,2015/07/01,2016/09/08,jcb
108,101,470,25,716,2018/01/11,2016/02/19,mastercard
297,427,845,21,346,2015/07/08,2015/09/04,china-unionpay
75,496,579,49,846,2017/06/15,2016/11/26,visa-electron
493,114,639,366,955,2017/09/29,2015/03/30,diners-club-enroute
298,64,592,269,143,2015/05/20,2018/06/08,diners-club-carte-blanche
155,299,874,113,174,2018/09/08,2016/03/20,maestro
349,497,232,222,487,2016/09/17,2016/08/01,jcb
145,459,462,279,54,2018/06/21,2016/10/20,jcb
212,492,528,26,150,2018/03/01,2016/10/11,maestro
446,396,532,18,987,2016/05/23,2015/01/09,mastercard
439,261,849,174,685,2015/01/06,2016/07/08,bankcard
454,271,733,305,846,2018/09/08,2015/10/29,china-unionpay
225,431,203,273,81,2016/06/21,2015/02/27,maestro
339,212,256,268,952,2016/10/27,2017/09/22,maestro
66,316,371,128,373,2017/07/15,2015/01/28,jcb
334,107,534,180,285,2018/05/28,2017/12/12,americanexpress
421,406,498,491,65,2016/08/16,2017/08/17,instapayment
206,231,724,161,608,2016/01/31,2017/03/09,jcb
349,405,63,123,682,2016/08/25,2015/07/02,maestro
420,28,650,234,624,2018/05/23,2015/12/17,jcb
390,296,320,231,157,2016/06/30,2018/05/11,americanexpress
27,464,462,387,83,2016/12/19,2016/11/12,jcb
109,169,126,408,711,2016/12/27,2018/03/23,laser
254,477,277,88,630,2015/08/21,2015/12/28,china-unionpay
129,459,234,185,831,2017/03/07,2018/04/04,switch
376,245,887,71,821,2015/05/23,2017/08/01,jcb
345,440,396,34,266,2016/12/08,2015/08/23,bankcard
225,465,8,37,450,2018/02/14,2015/04/07,jcb
252,491,49,348,862,2016/09/25,2017/04/12,americanexpress
13,489,299,87,88,2018/03/03,2015/02/28,diners-club-enroute
144,219,2,50,916,2016/02/26,2017/08/24,bankcard
63,434,145,27,168,2016/04/29,2016/08/28,laser
364,33,800,303,843,2016/06/15,2016/02/08,jcb
224,474,131,13,175,2018/02/13,2015/01/19,laser
352,84,88,135,883,2015/02/26,2017/02/28,instapayment
299,123,307,135,651,2018/06/05,2017/12/03,jcb
383,19,787,141,781,2016/06/15,2015/01/19,china-unionpay
420,443,152,43,639,2016/03/25,2018/02/07,visa
226,353,520,210,402,2015/04/10,2016/06/08,jcb
493,315,918,195,432,2017/09/02,2015/05/27,diners-club-enroute
251,422,393,217,775,2018/06/04,2015/03/05,visa-electron
386,200,554,253,477,2017/11/22,2015/05/22,jcb
215,184,11,168,452,2017/11/04,2015/02/01,jcb
405,197,796,453,255,2015/07/11,2015/04/17,diners-club-enroute
258,377,799,144,734,2017/05/04,2017/08/04,mastercard
260,274,263,260,307,2017/09/12,2015/11/13,bankcard
333,163,45,98,476,2015/04/12,2017/05/15,bankcard
54,439,654,145,789,2017/09/30,2018/04/12,visa-electron
225,475,779,269,792,2016/08/15,2016/02/25,jcb
114,448,988,116,239,2018/09/06,2018/01/21,solo
21,110,578,211,468,2018/08/04,2017/09/14,diners-club-carte-blanche
307,276,649,382,661,2017/01/30,2016/05/14,switch
88,31,422,432,82,2015/09/21,2018/03/26,laser
45,270,60,109,727,2015/11/04,2017/08/27,jcb
380,238,234,169,602,2017/12/06,2016/11/13,jcb
457,4,136,182,486,2015/10/07,2016/03/09,instapayment
460,415,39,265,120,2016/03/12,2018/05/15,diners-club-carte-blanche
152,166,581,222,686,2018/08/04,2018/03/27,diners-club-carte-blanche
191,29,822,165,992,2018/08/23,2015/05/02,instapayment
246,240,408,474,948,2015/11/09,2016/11/15,diners-club-enroute
362,426,404,108,119,2017/07/06,2015/09/24,jcb
202,158,686,299,253,2018/08/25,2015/09/09,switch
432,319,263,9,956,2016/05/10,2015/02/16,diners-club-enroute
139,99,559,374,738,2018/04/22,2016/03/14,maestro
71,231,199,220,590,2015/04/09,2016/02/26,laser
328,498,177,8,698,2015/02/28,2017/11/08,diners-club-enroute
370,94,438,21,168,2018/04/02,2015/08/28,jcb
154,91,478,496,719,2018/02/19,2015/08/28,jcb
459,194,461,243,548,2016/12/21,2016/06/17,visa
371,164,577,256,777,2015/09/07,2016/03/27,jcb
65,439,351,111,794,2016/01/03,2017/12/19,mastercard
349,18,589,243,860,2015/06/30,2017/05/20,maestro
204,273,636,343,838,2018/02/07,2015/11/19,switch
89,494,733,430,747,2017/08/08,2015/02/19,diners-club-carte-blanche
392,232,959,354,267,2016/09/23,2018/04/21,jcb
64,311,462,17,239,2015/02/25,2017/07/19,americanexpress
104,307,247,448,131,2017/11/17,2017/12/01,visa-electron
293,464,269,112,1,2017/10/25,2015/05/23,diners-club-carte-blanche
172,425,316,293,626,2016/02/02,2017/01/09,jcb
360,463,390,250,258,2016/08/02,2015/11/15,americanexpress
409,211,3,153,17,2015/07/01,2015/05/03,jcb
449,175,81,474,316,2016/07/13,2018/03/09,diners-club-enroute
116,370,987,218,630,2018/04/18,2016/03/15,visa
437,349,169,369,465,2015/03/21,2017/12/11,switch
299,474,547,236,916,2017/01/05,2015/04/18,jcb
96,390,823,81,99,2018/05/05,2015/11/06,diners-club-carte-blanche
182,455,156,309,1,2015/07/01,2017/11/26,jcb
370,43,935,235,793,2017/07/14,2015/05/30,visa-electron
489,437,503,37,174,2016/12/21,2017/05/20,jcb
152,252,254,62,638,2015/04/15,2017/08/30,china-unionpay
456,95,121,438,509,2018/08/27,2016/08/01,mastercard
145,408,865,78,132,2018/02/26,2016/09/13,bankcard
367,441,948,338,262,2015/07/02,2018/05/31,maestro
211,363,790,99,868,2016/11/17,2016/10/25,bankcard
25,447,43,119,411,2018/04/21,2017/06/03,maestro
380,183,966,118,503,2018/01/14,2017/10/22,americanexpress
45,198,941,116,887,2016/01/22,2016/12/29,diners-club-enroute
442,118,466,373,499,2016/07/24,2016/06/25,jcb
328,59,569,308,986,2015/12/20,2018/04/06,jcb
8,225,510,149,528,2016/07/04,2018/04/23,visa
158,291,116,420,150,2016/04/14,2015/05/16,jcb
500,488,978,269,327,2018/09/11,2015/02/02,jcb
139,253,743,215,13,2015/10/21,2015/05/16,jcb
205,29,41,36,919,2016/11/09,2017/08/17,visa-electron
134,336,543,423,307,2018/03/13,2018/04/05,jcb
110,358,527,429,929,2015/03/04,2015/12/22,china-unionpay
23,188,380,367,363,2017/07/01,2017/01/01,visa
381,316,44,51,902,2015/06/08,2017/02/17,diners-club-enroute
330,275,473,17,963,2016/08/27,2015/01/09,jcb
140,280,27,403,819,2016/10/29,2017/03/15,jcb
156,229,89,93,685,2015/02/03,2016/03/25,china-unionpay
178,117,996,252,859,2016/04/02,2016/06/06,jcb
101,276,219,349,763,2017/06/28,2016/05/22,maestro
487,405,932,379,824,2017/07/12,2016/12/17,jcb
403,30,645,457,377,2018/06/19,2017/01/30,mastercard
319,420,762,324,510,2018/05/23,2015/02/19,jcb
175,62,59,98,946,2016/08/15,2016/06/27,diners-club-international
443,216,468,61,584,2015/05/06,2017/07/20,diners-club-carte-blanche
323,74,612,434,283,2015/11/22,2018/07/01,china-unionpay
332,99,53,94,786,2018/05/10,2015/03/12,instapayment
169,406,240,106,141,2015/03/30,2016/02/07,mastercard
136,376,410,446,961,2016/06/29,2018/01/15,bankcard
299,332,841,317,370,2018/01/01,2018/08/17,jcb
133,276,725,331,746,2018/01/09,2015/01/22,mastercard
223,36,989,494,735,2017/03/03,2018/02/02,jcb
293,498,797,302,192,2015/08/05,2015/06/04,diners-club-enroute
70,280,840,43,902,2017/06/25,2015/10/16,jcb
310,360,793,385,840,2016/09/10,2018/04/06,mastercard
80,232,301,108,805,2017/12/20,2015/06/08,jcb
152,486,983,160,461,2017/06/29,2016/06/21,diners-club-carte-blanche
211,46,764,445,772,2017/02/04,2015/11/27,jcb
14,489,73,141,494,2018/09/08,2017/11/14,jcb
304,391,432,194,852,2015/07/31,2016/02/19,diners-club-carte-blanche
115,45,534,396,18,2015/08/30,2016/05/19,visa-electron
348,125,140,368,158,2015/10/05,2018/04/06,jcb
361,104,186,106,476,2018/09/02,2016/05/26,china-unionpay
68,299,873,214,279,2017/03/25,2017/02/03,jcb
270,227,340,102,165,2017/05/22,2018/02/28,diners-club-us-ca
41,154,181,464,508,2016/06/10,2016/03/07,jcb
305,323,208,303,129,2015/02/18,2018/03/02,bankcard
456,288,984,45,714,2017/05/05,2018/03/06,mastercard
343,342,263,47,587,2017/07/21,2016/08/13,jcb
121,231,248,2,225,2018/03/28,2016/11/06,switch
459,250,165,386,589,2017/08/12,2017/07/22,switch
409,96,150,364,105,2016/04/29,2017/11/24,jcb
130,2,268,83,821,2015/07/25,2018/02/19,mastercard
9,144,201,417,171,2017/05/12,2016/08/08,maestro
273,356,635,229,901,2016/11/12,2015/11/07,jcb
262,264,389,340,175,2015/08/29,2015/07/12,jcb
483,451,783,282,528,2015/11/30,2018/09/11,jcb
27,230,342,150,144,2016/10/17,2015/02/17,jcb
297,77,428,471,46,2016/09/02,2015/06/30,americanexpress
445,418,799,462,891,2015/07/17,2017/10/14,jcb
125,451,488,109,793,2016/10/07,2016/11/14,jcb
282,380,810,464,628,2015/12/13,2017/11/03,bankcard
475,331,487,479,587,2016/04/20,2016/06/08,mastercard
174,229,121,49,718,2018/04/13,2017/04/29,visa-electron
240,434,451,261,64,2017/10/08,2016/02/12,mastercard
496,479,661,118,944,2015/05/22,2016/05/24,americanexpress
498,123,851,370,769,2018/02/23,2015/01/16,visa
238,132,262,496,951,2015/04/29,2017/06/19,bankcard
472,406,329,79,929,2018/09/02,2015/10/13,diners-club-us-ca
372,30,819,346,183,2015/05/29,2016/03/01,china-unionpay
187,155,778,27,932,2017/04/01,2016/01/15,diners-club-enroute
235,404,177,470,440,2016/03/03,2015/03/25,jcb
205,337,162,355,752,2017/11/11,2016/12/07,maestro
440,156,401,260,10,2017/05/26,2015/03/04,bankcard
67,118,904,347,186,2017/09/15,2017/10/09,jcb
469,147,921,91,15,2015/12/25,2017/04/01,jcb
91,109,161,22,35,2017/02/01,2017/05/16,jcb
102,436,880,52,649,2015/07/25,2015/12/23,jcb
277,302,493,489,33,2015/02/26,2015/02/06,jcb
174,358,717,41,612,2015/01/21,2015/10/27,jcb
183,16,694,47,875,2015/01/04,2017/02/14,jcb
39,38,348,115,490,2017/12/21,2017/08/31,maestro
302,141,697,66,182,2017/06/17,2015/05/08,jcb
222,454,395,59,211,2015/04/16,2016/07/15,americanexpress
126,223,585,64,344,2016/07/05,2016/10/15,laser
490,201,110,234,111,2017/06/11,2017/09/02,bankcard
290,425,359,288,290,2018/06/18,2016/12/30,jcb
167,258,915,484,181,2016/10/29,2015/09/12,jcb
478,159,370,375,884,2016/12/09,2015/12/19,jcb
100,149,915,209,407,2018/06/15,2015/04/01,switch
229,137,155,51,295,2016/05/31,2016/03/15,switch
107,260,332,243,411,2016/06/16,2017/11/14,jcb
111,55,544,21,612,2017/08/08,2016/09/26,jcb
378,464,771,394,218,2018/02/01,2017/12/29,switch
74,398,147,306,271,2015/10/22,2017/08/28,jcb
309,156,832,145,323,2016/12/11,2016/10/17,bankcard
361,178,819,384,560,2016/11/19,2015/06/27,jcb
456,331,688,385,45,2015/12/05,2016/11/07,jcb
6,4,453,446,343,2016/08/06,2015/08/12,jcb
1,280,352,172,390,2016/02/12,2016/07/19,switch
428,500,966,252,160,2018/06/06,2016/03/29,mastercard
259,64,844,184,332,2018/05/04,2017/12/09,jcb
75,199,344,261,891,2017/09/25,2018/01/01,diners-club-carte-blanche
96,207,846,477,519,2018/09/02,2017/01/07,mastercard
99,100,166,227,918,2018/03/27,2018/01/21,mastercard
171,425,24,220,31,2016/03/13,2016/09/21,jcb
385,358,708,257,756,2015/08/01,2017/08/12,visa-electron
54,1,725,125,26,2015/05/17,2015/02/20,jcb
13,3,770,261,189,2016/04/05,2017/07/23,jcb
163,495,182,499,772,2015/02/13,2015/06/01,laser
57,306,429,438,323,2017/05/13,2017/07/31,visa
290,247,466,478,89,2017/03/12,2017/08/22,diners-club-us-ca
20,54,467,359,866,2015/06/08,2015/01/11,diners-club-enroute
430,128,631,9,390,2018/09/07,2015/09/16,jcb
97,222,154,264,600,2015/03/02,2015/08/22,mastercard
332,394,278,19,21,2015/02/15,2018/04/17,diners-club-enroute
118,210,187,122,333,2016/03/07,2018/05/15,jcb
485,273,831,314,104,2018/02/16,2017/05/10,jcb
365,375,522,318,232,2016/10/29,2015/11/18,jcb
409,91,72,462,598,2016/03/13,2015/06/24,switch
24,346,163,92,642,2018/01/26,2016/10/04,mastercard
349,460,56,386,972,2016/12/21,2016/04/21,mastercard
322,150,817,475,9,2017/02/12,2018/05/24,maestro
243,161,246,408,835,2016/02/10,2016/04/12,diners-club-us-ca
280,106,639,441,605,2016/02/06,2017/08/14,mastercard
353,384,662,28,657,2016/03/12,2018/04/12,mastercard
229,341,997,50,461,2017/07/29,2017/07/22,jcb
405,371,759,453,871,2015/09/18,2016/02/16,jcb
101,359,916,35,966,2016/04/17,2017/03/30,jcb
484,36,617,296,74,2015/11/14,2018/03/31,visa-electron
126,99,851,237,687,2016/06/07,2016/01/10,jcb
313,64,37,189,605,2016/08/29,2017/11/07,jcb
13,278,518,229,547,2017/10/13,2017/09/13,jcb
417,442,774,272,549,2017/12/23,2017/06/15,visa
298,73,843,77,268,2017/02/13,2018/01/19,mastercard
414,251,984,131,14,2017/10/08,2017/08/15,maestro
392,56,843,29,665,2017/11/01,2017/06/07,diners-club-carte-blanche
13,140,334,39,593,2017/08/17,2016/08/12,maestro
330,28,625,355,368,2017/03/11,2018/01/05,mastercard
462,114,807,93,744,2017/08/04,2016/03/07,jcb
498,386,302,464,603,2018/03/02,2017/07/25,switch
11,216,922,492,430,2015/04/04,2015/02/05,jcb
106,334,753,151,537,2015/06/01,2016/01/07,diners-club-international
129,198,575,62,144,2016/12/30,2018/05/31,americanexpress
286,96,988,290,974,2015/03/06,2016/11/19,americanexpress
158,265,750,319,556,2016/11/20,2015/05/13,jcb
175,228,661,47,966,2016/02/15,2017/09/28,mastercard
8,453,948,409,845,2015/07/20,2016/10/31,jcb
368,468,30,134,91,2016/03/23,2015/03/28,maestro
253,277,76,413,781,2017/11/17,2015/01/21,maestro
338,10,339,238,541,2015/10/28,2017/10/13,china-unionpay
71,476,985,219,49,2015/01/20,2015/01/25,visa
404,173,864,14,985,2016/03/29,2016/01/14,diners-club-carte-blanche
428,83,969,485,62,2017/01/05,2017/10/08,visa
476,144,9,454,2,2017/09/06,2018/03/31,maestro
36,279,972,435,411,2016/06/26,2016/08/28,mastercard
74,125,712,100,721,2015/03/20,2018/03/16,jcb
79,104,961,421,503,2017/06/03,2015/10/15,diners-club-international
183,86,427,335,804,2018/03/28,2015/06/19,jcb
22,108,998,113,704,2017/12/26,2016/12/27,diners-club-carte-blanche
344,374,706,96,905,2018/08/01,2017/07/16,switch
234,202,419,204,444,2015/09/02,2018/05/16,laser
414,51,559,73,859,2016/07/10,2015/01/03,jcb
132,144,225,343,1,2015/01/28,2015/08/03,solo
472,177,841,131,237,2016/12/25,2015/08/20,jcb
31,244,307,105,646,2016/07/11,2016/02/04,jcb
264,427,730,402,346,2016/08/19,2017/05/12,diners-club-carte-blanche
145,77,467,417,804,2017/03/17,2015/05/15,laser
141,410,29,391,639,2017/12/07,2015/11/27,jcb
416,439,41,208,281,2018/08/19,2016/01/11,jcb
252,80,359,116,647,2018/07/20,2016/01/06,jcb
365,3,312,477,591,2016/09/19,2018/06/09,jcb
363,164,662,132,199,2017/08/11,2016/10/21,jcb
41,456,792,197,714,2016/06/05,2018/03/02,mastercard
377,14,259,108,710,2016/03/31,2015/05/08,jcb
27,330,706,319,278,2015/10/11,2018/08/03,jcb
128,105,199,455,773,2016/10/28,2015/12/03,jcb
73,390,622,83,883,2015/06/18,2016/09/08,instapayment
51,357,716,210,293,2017/07/26,2018/08/09,jcb
11,317,334,243,981,2017/11/08,2017/10/13,jcb
208,465,474,348,82,2017/11/20,2016/10/14,diners-club-carte-blanche
334,374,51,30,133,2015/07/07,2015/01/01,bankcard
325,321,795,413,987,2015/06/19,2017/10/10,switch
413,149,124,154,779,2017/07/08,2017/03/06,americanexpress
152,257,259,115,130,2017/11/27,2016/09/23,jcb
280,382,272,434,56,2018/01/06,2016/10/14,visa-electron
358,301,416,385,104,2018/07/21,2018/02/10,visa
389,293,695,257,820,2017/07/01,2017/03/03,switch
142,10,883,213,342,2017/09/20,2016/11/17,jcb
500,329,241,187,778,2016/12/20,2016/03/07,diners-club-enroute
379,114,718,474,353,2015/05/09,2018/06/05,jcb
240,491,480,39,593,2017/04/19,2016/05/16,visa-electron
263,394,441,453,503,2016/11/06,2018/07/21,jcb
332,456,860,328,251,2018/07/09,2016/10/27,jcb
13,500,788,450,211,2016/01/17,2017/05/24,jcb
